ISO-10303-21;
HEADER;
FILE_DESCRIPTION (( 'STEP AP214' ),
    '1' );
FILE_NAME ('3948B7D7-539F-4C5B-AE0E-FDF19214647D.STEP',
    '2026-05-12T00:13:20',
    ( '' ),
    ( '' ),
    'SwSTEP 2.0',
    'SolidWorks 2022',
    '' );
FILE_SCHEMA (( 'AUTOMOTIVE_DESIGN' ));
ENDSEC;

DATA;
#1 = ORIENTED_EDGE ( 'NONE', *, *, #187, .T. ) ;
#2 = DIRECTION ( 'NONE',  ( 0.0000000000000000000, -1.000000000000000000, 0.0000000000000000000 ) ) ;
#3 = EDGE_CURVE ( 'NONE', #2087, #1449, #157, .T. ) ;
#4 =( LENGTH_UNIT ( ) NAMED_UNIT ( * ) SI_UNIT ( .CENTI., .METRE. ) );
#5 = CARTESIAN_POINT ( 'NONE',  ( -0.08499999798834320663, 0.07000000000000000666, 0.06499999843537809796 ) ) ;
#6 = AXIS2_PLACEMENT_3D ( 'NONE', #2570, #162, #818 ) ;
#7 = EDGE_LOOP ( 'NONE', ( #1736, #173, #1942, #676 ) ) ;
#8 = CIRCLE ( 'NONE', #2474, 0.006249999999999995143 ) ;
#9 = ORIENTED_EDGE ( 'NONE', *, *, #642, .T. ) ;
#10 = AXIS2_PLACEMENT_3D ( 'NONE', #2378, #1777, #2567 ) ;
#11 = ORIENTED_EDGE ( 'NONE', *, *, #1348, .F. ) ;
#12 = DIRECTION ( 'NONE',  ( 0.0000000000000000000, 0.0000000000000000000, -1.000000000000000000 ) ) ;
#13 = SURFACE_STYLE_USAGE ( .BOTH. , #2184 ) ;
#14 = VECTOR ( 'NONE', #409, 100.0000000000000000 ) ;
#15 = CARTESIAN_POINT ( 'NONE',  ( 0.1000000000000000056, 0.02999999999999999889, -0.08000000000000000167 ) ) ;
#16 = DIRECTION ( 'NONE',  ( -1.000000000000000000, -0.0000000000000000000, 0.0000000000000000000 ) ) ;
#17 = CARTESIAN_POINT ( 'NONE',  ( 0.1000000000000000056, 0.05999999999999999778, 0.0000000000000000000 ) ) ;
#18 = ADVANCED_FACE ( 'NONE', ( #404 ), #1224, .T. ) ;
#19 = ORIENTED_EDGE ( 'NONE', *, *, #1571, .F. ) ;
#20 = PRODUCT_CONTEXT ( 'NONE', #1598, 'mechanical' ) ;
#21 = CARTESIAN_POINT ( 'NONE',  ( -0.06499999854713679748, 0.07000000000000000666, 0.03624999899417159083 ) ) ;
#22 = VERTEX_POINT ( 'NONE', #39 ) ;
#23 = DIRECTION ( 'NONE',  ( 0.0000000000000000000, 0.0000000000000000000, -1.000000000000000000 ) ) ;
#24 = FILL_AREA_STYLE ('',( #487 ) ) ;
#25 = LINE ( 'NONE', #452, #1503 ) ;
#26 = CARTESIAN_POINT ( 'NONE',  ( 0.07999999798834320219, 0.07000000000000000666, 0.05999999843537810046 ) ) ;
#27 = ORIENTED_EDGE ( 'NONE', *, *, #2367, .F. ) ;
#28 = FACE_OUTER_BOUND ( 'NONE', #764, .T. ) ;
#29 = CARTESIAN_POINT ( 'NONE',  ( 0.1000000000000000056, 0.0000000000000000000, -0.08000000000000000167 ) ) ;
#30 = EDGE_CURVE ( 'NONE', #1452, #1921, #502, .T. ) ;
#31 = EDGE_CURVE ( 'NONE', #1799, #2584, #2093, .T. ) ;
#32 = DIRECTION ( 'NONE',  ( 0.0000000000000000000, 0.0000000000000000000, 1.000000000000000000 ) ) ;
#33 = VERTEX_POINT ( 'NONE', #1496 ) ;
#34 = EDGE_CURVE ( 'NONE', #1688, #1409, #285, .T. ) ;
#35 = DIRECTION ( 'NONE',  ( 0.0000000000000000000, -0.0000000000000000000, -1.000000000000000000 ) ) ;
#36 = ORIENTED_EDGE ( 'NONE', *, *, #1658, .F. ) ;
#37 = PRESENTATION_STYLE_ASSIGNMENT (( #2230 ) ) ;
#38 = DIRECTION ( 'NONE',  ( 0.0000000000000000000, 0.0000000000000000000, -1.000000000000000000 ) ) ;
#39 = CARTESIAN_POINT ( 'NONE',  ( 0.09999999869614839554, 0.0000000000000000000, 0.07000000000000013156 ) ) ;
#40 = DIRECTION ( 'NONE',  ( 1.000000000000000000, 0.0000000000000000000, -2.602085126723509849E-16 ) ) ;
#41 = DIRECTION ( 'NONE',  ( 0.0000000000000000000, 1.000000000000000000, 0.0000000000000000000 ) ) ;
#42 = AXIS2_PLACEMENT_3D ( 'NONE', #347, #2317, #936 ) ;
#43 = FACE_OUTER_BOUND ( 'NONE', #396, .T. ) ;
#44 = CARTESIAN_POINT ( 'NONE',  ( 0.08499999798834320663, 0.06500000000000000222, -0.06499999843537809796 ) ) ;
#45 = ORIENTED_EDGE ( 'NONE', *, *, #2469, .F. ) ;
#46 = VECTOR ( 'NONE', #1435, 100.0000000000000000 ) ;
#47 = PRESENTATION_LAYER_ASSIGNMENT (  '', '', ( #441 ) ) ;
#48 = DIRECTION ( 'NONE',  ( 0.0000000000000000000, 1.000000000000000000, 0.0000000000000000000 ) ) ;
#49 = STYLED_ITEM ( 'NONE', ( #2340 ), #1072 ) ;
#50 = ORIENTED_EDGE ( 'NONE', *, *, #319, .T. ) ;
#51 = DIRECTION ( 'NONE',  ( -0.0000000000000000000, -1.000000000000000000, -0.0000000000000000000 ) ) ;
#52 = DIRECTION ( 'NONE',  ( -0.0000000000000000000, -1.000000000000000000, -0.0000000000000000000 ) ) ;
#53 = AXIS2_PLACEMENT_3D ( 'NONE', #1907, #84, #314 ) ;
#54 = CARTESIAN_POINT ( 'NONE',  ( -0.09000000000000001055, 0.02999999999999999889, -0.08000000000000000167 ) ) ;
#55 = CIRCLE ( 'NONE', #1507, 0.001250000000000003279 ) ;
#56 = PRESENTATION_STYLE_ASSIGNMENT (( #1874 ) ) ;
#57 = CARTESIAN_POINT ( 'NONE',  ( -0.08499999798834320663, 0.07000000000000000666, -0.05999999843537810046 ) ) ;
#58 = CARTESIAN_POINT ( 'NONE',  ( -0.08999999999999999667, 0.02999999999999999889, -0.08000000000000000167 ) ) ;
#59 = PRESENTATION_LAYER_ASSIGNMENT (  '', '', ( #1108 ) ) ;
#60 = PRODUCT_DEFINITION_FORMATION_WITH_SPECIFIED_SOURCE ( 'ANY', '', #1543, .NOT_KNOWN. ) ;
#61 = CARTESIAN_POINT ( 'NONE',  ( 0.08499999798834320663, 0.06500000000000000222, 0.06999999843537810240 ) ) ;
#62 = ORIENTED_EDGE ( 'NONE', *, *, #418, .T. ) ;
#63 = VERTEX_POINT ( 'NONE', #470 ) ;
#64 = PRESENTATION_STYLE_ASSIGNMENT (( #1520 ) ) ;
#65 = EDGE_CURVE ( 'NONE', #2283, #845, #2457, .T. ) ;
#66 = UNCERTAINTY_MEASURE_WITH_UNIT (LENGTH_MEASURE( 1.000000000000000082E-05 ), #337, 'distance_accuracy_value', 'NONE');
#67 = PLANE ( 'NONE',  #1913 ) ;
#68 = EDGE_CURVE ( 'NONE', #22, #909, #1659, .T. ) ;
#69 = LINE ( 'NONE', #2254, #1214 ) ;
#70 = DIRECTION ( 'NONE',  ( -0.0000000000000000000, 1.000000000000000000, 0.0000000000000000000 ) ) ;
#71 = ORIENTED_EDGE ( 'NONE', *, *, #2558, .F. ) ;
#72 = FACE_OUTER_BOUND ( 'NONE', #1660, .T. ) ;
#73 = ORIENTED_EDGE ( 'NONE', *, *, #896, .T. ) ;
#74 = DIRECTION ( 'NONE',  ( 1.000000000000000000, 0.0000000000000000000, -3.469446835631340056E-16 ) ) ;
#75 = CARTESIAN_POINT ( 'NONE',  ( 0.0000000000000000000, 0.06500000000000000222, 0.06499999843537809796 ) ) ;
#76 =( LENGTH_UNIT ( ) NAMED_UNIT ( * ) SI_UNIT ( .CENTI., .METRE. ) );
#77 = EDGE_CURVE ( 'NONE', #2341, #1404, #2067, .T. ) ;
#78 = CARTESIAN_POINT ( 'NONE',  ( 0.08999999999999999667, 0.02999999999999999889, -0.08000000000000000167 ) ) ;
#79 = DIRECTION ( 'NONE',  ( 0.0000000000000000000, 0.0000000000000000000, -1.000000000000000000 ) ) ;
#80 = VERTEX_POINT ( 'NONE', #339 ) ;
#81 = CARTESIAN_POINT ( 'NONE',  ( 0.05999999865889549949, -0.0001000000000000000183, -0.01999999955296519888 ) ) ;
#82 = PRESENTATION_LAYER_ASSIGNMENT (  '', '', ( #1371 ) ) ;
#83 = ORIENTED_EDGE ( 'NONE', *, *, #1101, .F. ) ;
#84 = DIRECTION ( 'NONE',  ( -0.0000000000000000000, -1.000000000000000000, -0.0000000000000000000 ) ) ;
#85 = UNCERTAINTY_MEASURE_WITH_UNIT (LENGTH_MEASURE( 1.000000000000000082E-05 ), #2466, 'distance_accuracy_value', 'NONE');
#86 = PRESENTATION_LAYER_ASSIGNMENT (  '', '', ( #875 ) ) ;
#87 = CIRCLE ( 'NONE', #2364, 0.005000000000000002706 ) ;
#88 = VERTEX_POINT ( 'NONE', #1771 ) ;
#89 = AXIS2_PLACEMENT_3D ( 'NONE', #542, #1741, #2130 ) ;
#90 = PRESENTATION_LAYER_ASSIGNMENT (  '', '', ( #49 ) ) ;
#91 = CARTESIAN_POINT ( 'NONE',  ( 0.1000000000000000056, 0.02999999999999999889, 0.0000000000000000000 ) ) ;
#92 = CYLINDRICAL_SURFACE ( 'NONE', #1096, 0.01000000000000000541 ) ;
#93 =( GEOMETRIC_REPRESENTATION_CONTEXT ( 3 ) GLOBAL_UNCERTAINTY_ASSIGNED_CONTEXT ( ( #1690 ) ) GLOBAL_UNIT_ASSIGNED_CONTEXT ( ( #741, #2595, #123 ) ) REPRESENTATION_CONTEXT ( 'NONE', 'WORKASPACE' ) );
#94 = CARTESIAN_POINT ( 'NONE',  ( -0.07896446464120408792, 0.06749999999999999056, 0.03801776594713798113 ) ) ;
#95 = CARTESIAN_POINT ( 'NONE',  ( -0.07999999854713683856, 0.06875000000000000555, 0.03749999899417160582 ) ) ;
#96 = CIRCLE ( 'NONE', #410, 0.009999999999999982861 ) ;
#97 = DIRECTION ( 'NONE',  ( 0.0000000000000000000, 1.000000000000000000, 0.0000000000000000000 ) ) ;
#98 = ADVANCED_FACE ( 'NONE', ( #352 ), #1170, .T. ) ;
#99 = ORIENTED_EDGE ( 'NONE', *, *, #2564, .F. ) ;
#100 = DIRECTION ( 'NONE',  ( -0.0000000000000000000, 0.0000000000000000000, 1.000000000000000000 ) ) ;
#101 = CARTESIAN_POINT ( 'NONE',  ( -0.08499999798834320663, 0.05999999999999999778, 0.06999999843537810240 ) ) ;
#102 = EDGE_LOOP ( 'NONE', ( #62, #2390, #1766, #2068 ) ) ;
#103 = FILL_AREA_STYLE ('',( #1338 ) ) ;
#104 = CARTESIAN_POINT ( 'NONE',  ( 0.07999999798834320219, 0.06500000000000000222, -0.06499999843537811184 ) ) ;
#105 = ORIENTED_EDGE ( 'NONE', *, *, #2069, .F. ) ;
#106 = DIRECTION ( 'NONE',  ( -0.0000000000000000000, 0.0000000000000000000, -1.000000000000000000 ) ) ;
#107 = DIRECTION ( 'NONE',  ( -0.0000000000000000000, -1.000000000000000000, 0.0000000000000000000 ) ) ;
#108 = DIRECTION ( 'NONE',  ( 1.000000000000000000, -0.0000000000000000000, 0.0000000000000000000 ) ) ;
#109 = LINE ( 'NONE', #1027, #979 ) ;
#110 = CARTESIAN_POINT ( 'NONE',  ( -0.08249999854713679914, 0.07000000000000002054, 0.03624999899417161858 ) ) ;
#111 = EDGE_CURVE ( 'NONE', #768, #33, #2193, .T. ) ;
#112 = EDGE_CURVE ( 'NONE', #1622, #1508, #769, .T. ) ;
#113 = ORIENTED_EDGE ( 'NONE', *, *, #34, .F. ) ;
#114 = CARTESIAN_POINT ( 'NONE',  ( 0.08999999999999999667, 0.0000000000000000000, 0.08000000000000000167 ) ) ;
#115 = CARTESIAN_POINT ( 'NONE',  ( 0.08999999798834319720, 0.05999999999999999778, 0.0000000000000000000 ) ) ;
#116 = ORIENTED_EDGE ( 'NONE', *, *, #1608, .T. ) ;
#117 =( LENGTH_UNIT ( ) NAMED_UNIT ( * ) SI_UNIT ( .CENTI., .METRE. ) );
#118 = SURFACE_STYLE_FILL_AREA ( #1935 ) ;
#119 = UNCERTAINTY_MEASURE_WITH_UNIT (LENGTH_MEASURE( 1.000000000000000082E-05 ), #117, 'distance_accuracy_value', 'NONE');
#120 = DIRECTION ( 'NONE',  ( -0.0000000000000000000, -1.000000000000000000, -0.0000000000000000000 ) ) ;
#121 = DIRECTION ( 'NONE',  ( -1.000000000000000000, -0.0000000000000000000, 0.0000000000000000000 ) ) ;
#122 = CARTESIAN_POINT ( 'NONE',  ( 0.09999999776482580705, 0.0000000000000000000, 0.04999999977648259680 ) ) ;
#123 =( NAMED_UNIT ( * ) SI_UNIT ( $, .STERADIAN. ) SOLID_ANGLE_UNIT ( ) );
#124 = ORIENTED_EDGE ( 'NONE', *, *, #283, .F. ) ;
#125 = FILL_AREA_STYLE ('',( #375 ) ) ;
#126 = LINE ( 'NONE', #961, #1104 ) ;
#127 = EDGE_CURVE ( 'NONE', #1858, #1822, #913, .T. ) ;
#128 = VECTOR ( 'NONE', #2104, 100.0000000000000000 ) ;
#129 = ORIENTED_EDGE ( 'NONE', *, *, #277, .T. ) ;
#130 = PLANE ( 'NONE',  #321 ) ;
#131 = AXIS2_PLACEMENT_3D ( 'NONE', #175, #847, #2409 ) ;
#132 = AXIS2_PLACEMENT_3D ( 'NONE', #1515, #892, #1478 ) ;
#133 =( GEOMETRIC_REPRESENTATION_CONTEXT ( 3 ) GLOBAL_UNCERTAINTY_ASSIGNED_CONTEXT ( ( #315 ) ) GLOBAL_UNIT_ASSIGNED_CONTEXT ( ( #772, #2135, #1383 ) ) REPRESENTATION_CONTEXT ( 'NONE', 'WORKASPACE' ) );
#134 = ORIENTED_EDGE ( 'NONE', *, *, #1343, .T. ) ;
#135 = DIRECTION ( 'NONE',  ( 0.0000000000000000000, 0.0000000000000000000, 1.000000000000000000 ) ) ;
#136 = DIRECTION ( 'NONE',  ( 0.0000000000000000000, -0.0000000000000000000, 1.000000000000000000 ) ) ;
#137 = AXIS2_PLACEMENT_3D ( 'NONE', #1527, #519, #902 ) ;
#138 = VECTOR ( 'NONE', #40, 100.0000000000000000 ) ;
#139 = VECTOR ( 'NONE', #857, 100.0000000000000000 ) ;
#140 = MECHANICAL_DESIGN_GEOMETRIC_PRESENTATION_REPRESENTATION (  '', ( #973 ), #357 ) ;
#141 = DIRECTION ( 'NONE',  ( -0.0000000000000000000, 0.0000000000000000000, -1.000000000000000000 ) ) ;
#142 = CARTESIAN_POINT ( 'NONE',  ( -0.07999999854713682468, 0.06875000000000000555, 0.05249999899417161220 ) ) ;
#143 = MECHANICAL_DESIGN_GEOMETRIC_PRESENTATION_REPRESENTATION (  '', ( #2295 ), #756 ) ;
#144 = ORIENTED_EDGE ( 'NONE', *, *, #991, .F. ) ;
#145 = LINE ( 'NONE', #762, #2123 ) ;
#146 = FACE_OUTER_BOUND ( 'NONE', #1668, .T. ) ;
#147 = ORIENTED_EDGE ( 'NONE', *, *, #2334, .F. ) ;
#148 = DIRECTION ( 'NONE',  ( 1.000000000000000000, -0.0000000000000000000, 0.0000000000000000000 ) ) ;
#149 =( NAMED_UNIT ( * ) SI_UNIT ( $, .STERADIAN. ) SOLID_ANGLE_UNIT ( ) );
#150 = PRODUCT_DEFINITION_CONTEXT ( 'detailed design', #428, 'design' ) ;
#151 = ORIENTED_EDGE ( 'NONE', *, *, #2169, .T. ) ;
#152 = EDGE_CURVE ( 'NONE', #1688, #1075, #253, .T. ) ;
#153 = CARTESIAN_POINT ( 'NONE',  ( -0.05999999865889549949, 0.0000000000000000000, 0.01999999955296519888 ) ) ;
#154 = FILL_AREA_STYLE_COLOUR ( '', #222 ) ;
#155 = DIRECTION ( 'NONE',  ( -0.0000000000000000000, -0.0000000000000000000, -1.000000000000000000 ) ) ;
#156 = EDGE_CURVE ( 'NONE', #237, #708, #2523, .T. ) ;
#157 = LINE ( 'NONE', #2199, #1528 ) ;
#158 = SURFACE_STYLE_FILL_AREA ( #388 ) ;
#159 = ORIENTED_EDGE ( 'NONE', *, *, #717, .F. ) ;
#160 = LINE ( 'NONE', #804, #1223 ) ;
#161 = PLANE ( 'NONE',  #10 ) ;
#162 = DIRECTION ( 'NONE',  ( -0.0000000000000000000, 1.000000000000000000, -0.0000000000000000000 ) ) ;
#163 = SURFACE_STYLE_USAGE ( .BOTH. , #1039 ) ;
#164 = DIRECTION ( 'NONE',  ( 0.0000000000000000000, -0.0000000000000000000, -1.000000000000000000 ) ) ;
#165 = ADVANCED_FACE ( 'NONE', ( #928 ), #2359, .F. ) ;
#166 = ORIENTED_EDGE ( 'NONE', *, *, #1759, .T. ) ;
#167 = DIRECTION ( 'NONE',  ( 0.0000000000000000000, 0.0000000000000000000, 1.000000000000000000 ) ) ;
#168 = LINE ( 'NONE', #17, #225 ) ;
#169 = ORIENTED_EDGE ( 'NONE', *, *, #717, .T. ) ;
#170 = SURFACE_SIDE_STYLE ('',( #1982 ) ) ;
#171 = LINE ( 'NONE', #1619, #1377 ) ;
#172 = STYLED_ITEM ( 'NONE', ( #56 ), #1059 ) ;
#173 = ORIENTED_EDGE ( 'NONE', *, *, #946, .F. ) ;
#174 = CIRCLE ( 'NONE', #1954, 0.005000000000000002706 ) ;
#175 = CARTESIAN_POINT ( 'NONE',  ( -0.1000000000000000056, 0.02999999999999999889, -0.08000000000000000167 ) ) ;
#176 = PLANE ( 'NONE',  #2203 ) ;
#177 = MECHANICAL_DESIGN_GEOMETRIC_PRESENTATION_REPRESENTATION (  '', ( #703 ), #1296 ) ;
#178 = COLOUR_RGB ( '',0.8156862745098039102, 0.8156862745098039102, 0.8156862745098039102 ) ;
#179 = AXIS2_PLACEMENT_3D ( 'NONE', #940, #2133, #1565 ) ;
#180 = PRESENTATION_STYLE_ASSIGNMENT (( #417 ) ) ;
#181 = VECTOR ( 'NONE', #1361, 100.0000000000000000 ) ;
#182 = ORIENTED_EDGE ( 'NONE', *, *, #2561, .F. ) ;
#183 = COLOUR_RGB ( '',0.9529411764705881804, 0.8980392156862745390, 0.6549019607843137303 ) ;
#184 = CARTESIAN_POINT ( 'NONE',  ( -0.1000000000000000056, 0.0000000000000000000, -0.02000000000000000042 ) ) ;
#185 = VECTOR ( 'NONE', #775, 100.0000000000000000 ) ;
#186 = ORIENTED_EDGE ( 'NONE', *, *, #2169, .F. ) ;
#187 = EDGE_CURVE ( 'NONE', #1909, #881, #1553, .T. ) ;
#188 = SURFACE_SIDE_STYLE ('',( #118 ) ) ;
#189 = CIRCLE ( 'NONE', #1263, 0.01000000000000000541 ) ;
#190 = CARTESIAN_POINT ( 'NONE',  ( 0.05999999865889552031, -0.0001000000000000000183, 0.01999999955296519541 ) ) ;
#191 = AXIS2_PLACEMENT_3D ( 'NONE', #2592, #1438, #1468 ) ;
#192 = CARTESIAN_POINT ( 'NONE',  ( 0.1000000000000000056, 0.0000000000000000000, -0.01999999955296519541 ) ) ;
#193 = CARTESIAN_POINT ( 'NONE',  ( -0.05999999865889549949, 0.0000000000000000000, -0.08000000000000000167 ) ) ;
#194 = DIRECTION ( 'NONE',  ( -0.0000000000000000000, 1.000000000000000000, 0.0000000000000000000 ) ) ;
#195 =( NAMED_UNIT ( * ) PLANE_ANGLE_UNIT ( ) SI_UNIT ( $, .RADIAN. ) );
#196 = FILL_AREA_STYLE ('',( #2008 ) ) ;
#197 =( NAMED_UNIT ( * ) PLANE_ANGLE_UNIT ( ) SI_UNIT ( $, .RADIAN. ) );
#198 = EDGE_CURVE ( 'NONE', #1594, #1678, #298, .T. ) ;
#199 = ORIENTED_EDGE ( 'NONE', *, *, #802, .F. ) ;
#200 =( BOUNDED_SURFACE ( )  B_SPLINE_SURFACE ( 3, 3, ( 
 ( #930, #1216, #2108, #2530 ),
 ( #2002, #757, #94, #342 ),
 ( #1513, #2336, #1557, #2304 ),
 ( #547, #302, #2012, #607 ) ),
 .UNSPECIFIED., .F., .F., .F. ) 
 B_SPLINE_SURFACE_WITH_KNOTS ( ( 4, 4 ),
 ( 4, 4 ),
 ( 0.0000000000000000000, 1.000000000000000000 ),
 ( 0.0000000000000000000, 1.000000000000000000 ),
 .UNSPECIFIED. ) 
 GEOMETRIC_REPRESENTATION_ITEM ( )  RATIONAL_B_SPLINE_SURFACE ( (
 ( 1.000000000000000000, 0.3333333333333334259, 0.3333333333333334259, 1.000000000000000000),
 ( 0.8047378541243608296, 0.2682459513747870172, 0.2682459513747870172, 0.8047378541243608296),
 ( 0.8047378541243608296, 0.2682459513747870172, 0.2682459513747870172, 0.8047378541243608296),
 ( 1.000000000000000000, 0.3333333333333334259, 0.3333333333333334259, 1.000000000000000000) ) ) 
 REPRESENTATION_ITEM ( '' )  SURFACE ( )  );
#201 = EDGE_CURVE ( 'NONE', #226, #1452, #2585, .T. ) ;
#202 = FACE_OUTER_BOUND ( 'NONE', #1863, .T. ) ;
#203 = FACE_OUTER_BOUND ( 'NONE', #2551, .T. ) ;
#204 = CARTESIAN_POINT ( 'NONE',  ( 0.1000000000000000056, 0.02999999999999999889, 0.06999999999999999278 ) ) ;
#205 = CARTESIAN_POINT ( 'NONE',  ( -0.08999999798834319720, 0.05999999999999999778, 0.0000000000000000000 ) ) ;
#206 = SURFACE_STYLE_USAGE ( .BOTH. , #1273 ) ;
#207 = ORIENTED_EDGE ( 'NONE', *, *, #584, .F. ) ;
#208 = PRODUCT_DEFINITION ( 'UNKNOWN', '', #60, #150 ) ;
#209 = DIRECTION ( 'NONE',  ( 0.0000000000000000000, 1.000000000000000000, -0.0000000000000000000 ) ) ;
#210 = ORIENTED_EDGE ( 'NONE', *, *, #668, .T. ) ;
#211 = DIRECTION ( 'NONE',  ( -0.0000000000000000000, 0.0000000000000000000, -1.000000000000000000 ) ) ;
#212 = EDGE_CURVE ( 'NONE', #2125, #2500, #1615, .T. ) ;
#213 = LINE ( 'NONE', #5, #1542 ) ;
#214 = AXIS2_PLACEMENT_3D ( 'NONE', #153, #1951, #106 ) ;
#215 = ORIENTED_EDGE ( 'NONE', *, *, #2488, .T. ) ;
#216 = CARTESIAN_POINT ( 'NONE',  ( -0.1000000000000000056, 0.02999999999999999889, 0.07000000000000000666 ) ) ;
#217 = CARTESIAN_POINT ( 'NONE',  ( 0.1000000000000000056, -0.0001000000000000000183, -0.01999999955296519541 ) ) ;
#218 = VECTOR ( 'NONE', #1079, 100.0000000000000000 ) ;
#219 = UNCERTAINTY_MEASURE_WITH_UNIT (LENGTH_MEASURE( 1.000000000000000082E-05 ), #1634, 'distance_accuracy_value', 'NONE');
#220 = CIRCLE ( 'NONE', #746, 0.01000000000000000541 ) ;
#221 = CARTESIAN_POINT ( 'NONE',  ( 0.07999999932944780456, 0.0000000000000000000, 0.01999999955296519541 ) ) ;
#222 = COLOUR_RGB ( '',0.09411764705882352811, 0.09411764705882352811, 0.09411764705882352811 ) ;
#223 = VERTEX_POINT ( 'NONE', #1639 ) ;
#224 = LINE ( 'NONE', #854, #2000 ) ;
#225 = VECTOR ( 'NONE', #1003, 100.0000000000000000 ) ;
#226 = VERTEX_POINT ( 'NONE', #1976 ) ;
#227 = PRESENTATION_LAYER_ASSIGNMENT (  '', '', ( #365 ) ) ;
#228 =( LENGTH_UNIT ( ) NAMED_UNIT ( * ) SI_UNIT ( .CENTI., .METRE. ) );
#229 = EDGE_CURVE ( 'NONE', #2353, #593, #1004, .T. ) ;
#230 = VECTOR ( 'NONE', #148, 100.0000000000000000 ) ;
#231 = ADVANCED_FACE ( 'NONE', ( #2373 ), #1233, .F. ) ;
#232 = ORIENTED_EDGE ( 'NONE', *, *, #2035, .T. ) ;
#233 = CARTESIAN_POINT ( 'NONE',  ( 0.05999999865889549949, 0.0000000000000000000, -0.08000000000000000167 ) ) ;
#234 = SURFACE_STYLE_FILL_AREA ( #590 ) ;
#235 =( NAMED_UNIT ( * ) SI_UNIT ( $, .STERADIAN. ) SOLID_ANGLE_UNIT ( ) );
#236 = ORIENTED_EDGE ( 'NONE', *, *, #345, .F. ) ;
#237 = VERTEX_POINT ( 'NONE', #1392 ) ;
#238 = DIRECTION ( 'NONE',  ( 0.0000000000000000000, 1.000000000000000000, 0.0000000000000000000 ) ) ;
#239 = DIRECTION ( 'NONE',  ( -0.0000000000000000000, 0.0000000000000000000, 1.000000000000000000 ) ) ;
#240 =( NAMED_UNIT ( * ) PLANE_ANGLE_UNIT ( ) SI_UNIT ( $, .RADIAN. ) );
#241 = VERTEX_POINT ( 'NONE', #2380 ) ;
#242 = PRESENTATION_STYLE_ASSIGNMENT (( #272 ) ) ;
#243 = DIRECTION ( 'NONE',  ( -1.000000000000000000, -0.0000000000000000000, 0.0000000000000000000 ) ) ;
#244 = DIRECTION ( 'NONE',  ( 0.0000000000000000000, -1.000000000000000000, -0.0000000000000000000 ) ) ;
#245 = CARTESIAN_POINT ( 'NONE',  ( -0.08999999999999999667, 0.0000000000000000000, -0.08000000000000000167 ) ) ;
#246 = DIRECTION ( 'NONE',  ( 0.0000000000000000000, -0.0000000000000000000, -1.000000000000000000 ) ) ;
#247 = VERTEX_POINT ( 'NONE', #2171 ) ;
#248 = CARTESIAN_POINT ( 'NONE',  ( 0.08499999798834320663, 0.07000000000000000666, 0.06499999843537809796 ) ) ;
#249 = EDGE_LOOP ( 'NONE', ( #1105, #2096, #1354, #2051 ) ) ;
#250 = DIRECTION ( 'NONE',  ( 0.0000000000000000000, 0.0000000000000000000, -1.000000000000000000 ) ) ;
#251 = ORIENTED_EDGE ( 'NONE', *, *, #697, .F. ) ;
#252 =( NAMED_UNIT ( * ) SI_UNIT ( $, .STERADIAN. ) SOLID_ANGLE_UNIT ( ) );
#253 = CIRCLE ( 'NONE', #2282, 0.01000000000000000541 ) ;
#254 = MECHANICAL_DESIGN_GEOMETRIC_PRESENTATION_REPRESENTATION (  '', ( #2285 ), #568 ) ;
#255 =( LENGTH_UNIT ( ) NAMED_UNIT ( * ) SI_UNIT ( .CENTI., .METRE. ) );
#256 = LINE ( 'NONE', #2055, #398 ) ;
#257 = MECHANICAL_DESIGN_GEOMETRIC_PRESENTATION_REPRESENTATION (  '', ( #2071 ), #478 ) ;
#258 = EDGE_CURVE ( 'NONE', #2087, #1681, #174, .T. ) ;
#259 = EDGE_LOOP ( 'NONE', ( #1601, #464, #1363, #2562, #1032 ) ) ;
#260 = CIRCLE ( 'NONE', #2157, 0.005000000000000002706 ) ;
#261 = FILL_AREA_STYLE ('',( #1088 ) ) ;
#262 = CIRCLE ( 'NONE', #1100, 0.005000000000000002706 ) ;
#263 = VECTOR ( 'NONE', #1021, 100.0000000000000000 ) ;
#264 = ADVANCED_FACE ( 'NONE', ( #622 ), #370, .T. ) ;
#265 = VERTEX_POINT ( 'NONE', #2003 ) ;
#266 = CARTESIAN_POINT ( 'NONE',  ( 0.1000000000000000056, 0.02999999999999999889, 0.08000000000000000167 ) ) ;
#267 = CIRCLE ( 'NONE', #444, 0.01000000000000000541 ) ;
#268 = CARTESIAN_POINT ( 'NONE',  ( -0.1000000000000000056, 0.02999999999999999889, -0.08000000000000000167 ) ) ;
#269 = VECTOR ( 'NONE', #2437, 100.0000000000000000 ) ;
#270 = PRESENTATION_LAYER_ASSIGNMENT (  '', '', ( #489 ) ) ;
#271 = ORIENTED_EDGE ( 'NONE', *, *, #865, .F. ) ;
#272 = SURFACE_STYLE_USAGE ( .BOTH. , #1483 ) ;
#273 = PLANE ( 'NONE',  #443 ) ;
#274 = PRESENTATION_STYLE_ASSIGNMENT (( #672 ) ) ;
#275 = LINE ( 'NONE', #2305, #832 ) ;
#276 = VERTEX_POINT ( 'NONE', #192 ) ;
#277 = EDGE_CURVE ( 'NONE', #307, #562, #1028, .T. ) ;
#278 = ORIENTED_EDGE ( 'NONE', *, *, #2338, .T. ) ;
#279 = CARTESIAN_POINT ( 'NONE',  ( -0.07999999932944780456, -0.0001000000000000000183, 0.04999999977648259680 ) ) ;
#280 = PLANE ( 'NONE',  #2237 ) ;
#281 = DIRECTION ( 'NONE',  ( 0.0000000000000000000, 0.0000000000000000000, -1.000000000000000000 ) ) ;
#282 = UNCERTAINTY_MEASURE_WITH_UNIT (LENGTH_MEASURE( 1.000000000000000082E-05 ), #2252, 'distance_accuracy_value', 'NONE');
#283 = EDGE_CURVE ( 'NONE', #1945, #1562, #1612, .T. ) ;
#284 = EDGE_LOOP ( 'NONE', ( #809, #2597, #2188, #1903 ) ) ;
#285 = LINE ( 'NONE', #1475, #1128 ) ;
#286 = CARTESIAN_POINT ( 'NONE',  ( 0.08499999798834320663, 0.06500000000000000222, 0.06499999843537809796 ) ) ;
#287 = FACE_OUTER_BOUND ( 'NONE', #2207, .T. ) ;
#288 = FILL_AREA_STYLE_COLOUR ( '', #1827 ) ;
#289 = FILL_AREA_STYLE ('',( #1313 ) ) ;
#290 = VERTEX_POINT ( 'NONE', #1414 ) ;
#291 = CARTESIAN_POINT ( 'NONE',  ( 0.0000000000000000000, 0.02999999999999999889, 0.08000000000000000167 ) ) ;
#292 = ORIENTED_EDGE ( 'NONE', *, *, #30, .F. ) ;
#293 =( LENGTH_UNIT ( ) NAMED_UNIT ( * ) SI_UNIT ( .CENTI., .METRE. ) );
#294 = SURFACE_STYLE_USAGE ( .BOTH. , #986 ) ;
#295 = CLOSED_SHELL ( 'NONE', ( #509, #549, #1801, #2350, #2396, #1455, #231, #629, #1072, #2053 ) ) ;
#296 =( LENGTH_UNIT ( ) NAMED_UNIT ( * ) SI_UNIT ( .CENTI., .METRE. ) );
#297 = ADVANCED_FACE ( 'NONE', ( #203 ), #421, .F. ) ;
#298 = LINE ( 'NONE', #2496, #2356 ) ;
#299 = FACE_OUTER_BOUND ( 'NONE', #2370, .T. ) ;
#300 = FACE_OUTER_BOUND ( 'NONE', #2603, .T. ) ;
#301 = ADVANCED_FACE ( 'NONE', ( #1666 ), #691, .F. ) ;
#302 = CARTESIAN_POINT ( 'NONE',  ( -0.07999999854713682468, 0.06875000000000000555, 0.05249999899417161220 ) ) ;
#303 = FACE_BOUND ( 'NONE', #507, .T. ) ;
#304 = CARTESIAN_POINT ( 'NONE',  ( -0.05999999865889549949, 0.0000000000000000000, 0.08000000000000000167 ) ) ;
#305 = VECTOR ( 'NONE', #74, 100.0000000000000000 ) ;
#306 = AXIS2_PLACEMENT_3D ( 'NONE', #2331, #923, #512 ) ;
#307 = VERTEX_POINT ( 'NONE', #1454 ) ;
#308 = VECTOR ( 'NONE', #2064, 100.0000000000000000 ) ;
#309 = VECTOR ( 'NONE', #696, 100.0000000000000000 ) ;
#310 = EDGE_LOOP ( 'NONE', ( #578, #1778, #1165, #2461 ) ) ;
#311 = AXIS2_PLACEMENT_3D ( 'NONE', #1460, #695, #471 ) ;
#312 = DIRECTION ( 'NONE',  ( -0.0000000000000000000, 1.000000000000000000, -0.0000000000000000000 ) ) ;
#313 =( NAMED_UNIT ( * ) PLANE_ANGLE_UNIT ( ) SI_UNIT ( $, .RADIAN. ) );
#314 = DIRECTION ( 'NONE',  ( 0.0000000000000000000, 0.0000000000000000000, 1.000000000000000000 ) ) ;
#315 = UNCERTAINTY_MEASURE_WITH_UNIT (LENGTH_MEASURE( 1.000000000000000082E-05 ), #772, 'distance_accuracy_value', 'NONE');
#316 =( NAMED_UNIT ( * ) PLANE_ANGLE_UNIT ( ) SI_UNIT ( $, .RADIAN. ) );
#317 = PRESENTATION_LAYER_ASSIGNMENT (  '', '', ( #920 ) ) ;
#318 = EDGE_CURVE ( 'NONE', #593, #2353, #8, .T. ) ;
#319 = EDGE_CURVE ( 'NONE', #1169, #2412, #2446, .T. ) ;
#320 = FILL_AREA_STYLE ('',( #374 ) ) ;
#321 = AXIS2_PLACEMENT_3D ( 'NONE', #1376, #1754, #2166 ) ;
#322 = ADVANCED_FACE ( 'NONE', ( #1267 ), #280, .T. ) ;
#323 = MECHANICAL_DESIGN_GEOMETRIC_PRESENTATION_REPRESENTATION (  '', ( #1718 ), #1763 ) ;
#324 = EDGE_LOOP ( 'NONE', ( #1572, #543, #2186, #1481 ) ) ;
#325 = DIRECTION ( 'NONE',  ( -1.000000000000000000, 0.0000000000000000000, -0.0000000000000000000 ) ) ;
#326 = ORIENTED_EDGE ( 'NONE', *, *, #2281, .F. ) ;
#327 =( LENGTH_UNIT ( ) NAMED_UNIT ( * ) SI_UNIT ( .CENTI., .METRE. ) );
#328 = ORIENTED_EDGE ( 'NONE', *, *, #349, .T. ) ;
#329 = LINE ( 'NONE', #91, #1667 ) ;
#330 = CARTESIAN_POINT ( 'NONE',  ( 0.1000000000000000056, 0.05999999999999999778, -0.07000000000000000666 ) ) ;
#331 = EDGE_LOOP ( 'NONE', ( #2455, #799, #379, #1391, #457 ) ) ;
#332 = EDGE_CURVE ( 'NONE', #1379, #276, #1472, .T. ) ;
#333 = DIRECTION ( 'NONE',  ( 0.0000000000000000000, 0.0000000000000000000, -1.000000000000000000 ) ) ;
#334 = CARTESIAN_POINT ( 'NONE',  ( 0.08999999999999999667, 0.05999999999999999778, -0.08000000000000000167 ) ) ;
#335 = VERTEX_POINT ( 'NONE', #665 ) ;
#336 = DIRECTION ( 'NONE',  ( 0.0000000000000000000, 0.0000000000000000000, 1.000000000000000000 ) ) ;
#337 =( LENGTH_UNIT ( ) NAMED_UNIT ( * ) SI_UNIT ( .CENTI., .METRE. ) );
#338 = ORIENTED_EDGE ( 'NONE', *, *, #721, .T. ) ;
#339 = CARTESIAN_POINT ( 'NONE',  ( -0.1000000000000000056, 0.05999999999999999778, 0.07000000000000000666 ) ) ;
#340 = DIRECTION ( 'NONE',  ( -0.0000000000000000000, 0.0000000000000000000, 1.000000000000000000 ) ) ;
#341 = FACE_BOUND ( 'NONE', #1676, .T. ) ;
#342 = CARTESIAN_POINT ( 'NONE',  ( -0.06499999854713681136, 0.06749999999999999056, 0.03801776594713796031 ) ) ;
#343 = CARTESIAN_POINT ( 'NONE',  ( -0.07999999854713683856, 0.06948223304703363135, 0.03749999899417161275 ) ) ;
#344 = ORIENTED_EDGE ( 'NONE', *, *, #368, .F. ) ;
#345 = EDGE_CURVE ( 'NONE', #1420, #223, #1130, .T. ) ;
#346 = VERTEX_POINT ( 'NONE', #2231 ) ;
#347 = CARTESIAN_POINT ( 'NONE',  ( -0.08499999798834320663, 0.06500000000000000222, 0.06499999843537809796 ) ) ;
#348 = COLOUR_RGB ( '',0.8156862745098039102, 0.8156862745098039102, 0.8156862745098039102 ) ;
#349 = EDGE_CURVE ( 'NONE', #2407, #63, #1249, .T. ) ;
#350 = STYLED_ITEM ( 'NONE', ( #2360 ), #1556 ) ;
#351 = MECHANICAL_DESIGN_GEOMETRIC_PRESENTATION_REPRESENTATION (  '', ( #438 ), #2319 ) ;
#352 = FACE_OUTER_BOUND ( 'NONE', #1167, .T. ) ;
#353 = CARTESIAN_POINT ( 'NONE',  ( -0.05999999865889549949, -0.0001000000000000000183, 0.01999999955296519888 ) ) ;
#354 = CIRCLE ( 'NONE', #137, 0.001250000000000003279 ) ;
#355 = DIRECTION ( 'NONE',  ( 0.0000000000000000000, 1.000000000000000000, 0.0000000000000000000 ) ) ;
#356 = MECHANICAL_DESIGN_GEOMETRIC_PRESENTATION_REPRESENTATION (  '', ( #2325 ), #1298 ) ;
#357 =( GEOMETRIC_REPRESENTATION_CONTEXT ( 3 ) GLOBAL_UNCERTAINTY_ASSIGNED_CONTEXT ( ( #219 ) ) GLOBAL_UNIT_ASSIGNED_CONTEXT ( ( #1634, #862, #1851 ) ) REPRESENTATION_CONTEXT ( 'NONE', 'WORKASPACE' ) );
#358 = FILL_AREA_STYLE_COLOUR ( '', #1261 ) ;
#359 = FACE_OUTER_BOUND ( 'NONE', #1349, .T. ) ;
#360 = AXIS2_PLACEMENT_3D ( 'NONE', #604, #815, #2011 ) ;
#361 = COLOUR_RGB ( '',0.9529411764705881804, 0.8980392156862745390, 0.6549019607843137303 ) ;
#362 = ORIENTED_EDGE ( 'NONE', *, *, #1488, .F. ) ;
#363 = FILL_AREA_STYLE_COLOUR ( '', #1014 ) ;
#364 =( NAMED_UNIT ( * ) PLANE_ANGLE_UNIT ( ) SI_UNIT ( $, .RADIAN. ) );
#365 = STYLED_ITEM ( 'NONE', ( #37 ), #2396 ) ;
#366 = ORIENTED_EDGE ( 'NONE', *, *, #1488, .T. ) ;
#367 = DIRECTION ( 'NONE',  ( 0.0000000000000000000, 0.0000000000000000000, -1.000000000000000000 ) ) ;
#368 = EDGE_CURVE ( 'NONE', #2058, #1678, #915, .T. ) ;
#369 = EDGE_LOOP ( 'NONE', ( #1934, #377, #1967, #1402 ) ) ;
#370 = CYLINDRICAL_SURFACE ( 'NONE', #2358, 0.01000000000000000541 ) ;
#371 = FILL_AREA_STYLE_COLOUR ( '', #919 ) ;
#372 = ADVANCED_FACE ( 'NONE', ( #468 ), #1493, .T. ) ;
#373 = FACE_OUTER_BOUND ( 'NONE', #2493, .T. ) ;
#374 = FILL_AREA_STYLE_COLOUR ( '', #571 ) ;
#375 = FILL_AREA_STYLE_COLOUR ( '', #1918 ) ;
#376 = LINE ( 'NONE', #2580, #2167 ) ;
#377 = ORIENTED_EDGE ( 'NONE', *, *, #642, .F. ) ;
#378 = CARTESIAN_POINT ( 'NONE',  ( -0.1000000000000000056, 0.0000000000000000000, 0.07000000000000000666 ) ) ;
#379 = ORIENTED_EDGE ( 'NONE', *, *, #721, .F. ) ;
#380 = DIRECTION ( 'NONE',  ( -0.0000000000000000000, 1.000000000000000000, -0.0000000000000000000 ) ) ;
#381 = DIRECTION ( 'NONE',  ( 0.0000000000000000000, 1.000000000000000000, 0.0000000000000000000 ) ) ;
#382 = EDGE_LOOP ( 'NONE', ( #1397, #2019, #1443, #1574 ) ) ;
#383 = DIRECTION ( 'NONE',  ( -1.000000000000000000, 0.0000000000000000000, 0.0000000000000000000 ) ) ;
#384 = DIRECTION ( 'NONE',  ( 0.0000000000000000000, 1.000000000000000000, 0.0000000000000000000 ) ) ;
#385 = ADVANCED_FACE ( 'NONE', ( #949 ), #1521, .F. ) ;
#386 = VERTEX_POINT ( 'NONE', #1717 ) ;
#387 = SURFACE_STYLE_FILL_AREA ( #1943 ) ;
#388 = FILL_AREA_STYLE ('',( #801 ) ) ;
#389 = VERTEX_POINT ( 'NONE', #1926 ) ;
#390 = DIRECTION ( 'NONE',  ( -0.0000000000000000000, 1.000000000000000000, -0.0000000000000000000 ) ) ;
#391 =( BOUNDED_SURFACE ( )  B_SPLINE_SURFACE ( 3, 3, ( 
 ( #2559, #1358, #110, #2511 ),
 ( #2531, #2145, #758, #1173 ),
 ( #1558, #1568, #343, #2173 ),
 ( #1956, #142, #95, #931 ) ),
 .UNSPECIFIED., .F., .F., .F. ) 
 B_SPLINE_SURFACE_WITH_KNOTS ( ( 4, 4 ),
 ( 4, 4 ),
 ( 0.0000000000000000000, 1.000000000000000000 ),
 ( 0.0000000000000000000, 1.000000000000000000 ),
 .UNSPECIFIED. ) 
 GEOMETRIC_REPRESENTATION_ITEM ( )  RATIONAL_B_SPLINE_SURFACE ( (
 ( 1.000000000000000000, 0.3333333333333334259, 0.3333333333333334259, 1.000000000000000000),
 ( 0.8047378541243690453, 0.2682459513747897373, 0.2682459513747897373, 0.8047378541243690453),
 ( 0.8047378541243690453, 0.2682459513747897373, 0.2682459513747897373, 0.8047378541243690453),
 ( 1.000000000000000000, 0.3333333333333334259, 0.3333333333333334259, 1.000000000000000000) ) ) 
 REPRESENTATION_ITEM ( '' )  SURFACE ( )  );
#392 = ORIENTED_EDGE ( 'NONE', *, *, #2121, .T. ) ;
#393 = AXIS2_PLACEMENT_3D ( 'NONE', #1242, #450, #2246 ) ;
#394 = CARTESIAN_POINT ( 'NONE',  ( -0.1000000000000000056, 0.0000000000000000000, 0.08000000000000000167 ) ) ;
#395 = PRESENTATION_LAYER_ASSIGNMENT (  '', '', ( #438 ) ) ;
#396 = EDGE_LOOP ( 'NONE', ( #918, #45, #1208, #1691 ) ) ;
#397 = EDGE_CURVE ( 'NONE', #1200, #2125, #1729, .T. ) ;
#398 = VECTOR ( 'NONE', #246, 100.0000000000000000 ) ;
#399 = PRESENTATION_LAYER_ASSIGNMENT (  '', '', ( #1540 ) ) ;
#400 = DIRECTION ( 'NONE',  ( -1.000000000000000000, 0.0000000000000000000, -0.0000000000000000000 ) ) ;
#401 = LINE ( 'NONE', #2384, #2361 ) ;
#402 = EDGE_CURVE ( 'NONE', #1310, #881, #1156, .T. ) ;
#403 = AXIS2_PLACEMENT_3D ( 'NONE', #2545, #108, #1938 ) ;
#404 = FACE_OUTER_BOUND ( 'NONE', #259, .T. ) ;
#405 = MECHANICAL_DESIGN_GEOMETRIC_PRESENTATION_REPRESENTATION (  '', ( #876 ), #1709 ) ;
#406 = SURFACE_STYLE_FILL_AREA ( #2238 ) ;
#407 = AXIS2_PLACEMENT_3D ( 'NONE', #1172, #535, #1368 ) ;
#408 = EDGE_LOOP ( 'NONE', ( #1314, #1519, #73, #2103 ) ) ;
#409 = DIRECTION ( 'NONE',  ( -0.0000000000000000000, 0.0000000000000000000, -1.000000000000000000 ) ) ;
#410 = AXIS2_PLACEMENT_3D ( 'NONE', #1728, #312, #677 ) ;
#411 = CARTESIAN_POINT ( 'NONE',  ( 0.1000000000000000056, 0.02999999999999999889, -0.08000000000000000167 ) ) ;
#412 = ORIENTED_EDGE ( 'NONE', *, *, #887, .T. ) ;
#413 =( NAMED_UNIT ( * ) PLANE_ANGLE_UNIT ( ) SI_UNIT ( $, .RADIAN. ) );
#414 = SURFACE_SIDE_STYLE ('',( #586 ) ) ;
#415 = FILL_AREA_STYLE ('',( #2209 ) ) ;
#416 = CARTESIAN_POINT ( 'NONE',  ( -0.07999999798834320219, 0.06500000000000000222, -0.05999999843537810046 ) ) ;
#417 = SURFACE_STYLE_USAGE ( .BOTH. , #1056 ) ;
#418 = EDGE_CURVE ( 'NONE', #1379, #2286, #968, .T. ) ;
#419 = ADVANCED_FACE ( 'NONE', ( #1740 ), #1755, .F. ) ;
#420 = VERTEX_POINT ( 'NONE', #2269 ) ;
#421 = PLANE ( 'NONE',  #393 ) ;
#422 =( LENGTH_UNIT ( ) NAMED_UNIT ( * ) SI_UNIT ( .CENTI., .METRE. ) );
#423 = CARTESIAN_POINT ( 'NONE',  ( -0.09000000000000001055, 0.0000000000000000000, -0.08000000000000000167 ) ) ;
#424 = CARTESIAN_POINT ( 'NONE',  ( -0.06499999854713679748, 0.06875000000000000555, 0.04499999899417159860 ) ) ;
#425 = CARTESIAN_POINT ( 'NONE',  ( -0.08499999798834320663, 0.05999999999999999778, 0.06499999843537809796 ) ) ;
#426 = CLOSED_SHELL ( 'NONE', ( #2442, #1896, #2415, #2297, #98, #681, #2456 ) ) ;
#427 = ORIENTED_EDGE ( 'NONE', *, *, #934, .T. ) ;
#428 = APPLICATION_CONTEXT ( 'automotive_design' ) ;
#429 = ORIENTED_EDGE ( 'NONE', *, *, #1331, .F. ) ;
#430 = CARTESIAN_POINT ( 'NONE',  ( -0.1000000000000000056, 0.02999999999999999889, 0.08000000000000000167 ) ) ;
#431 = VECTOR ( 'NONE', #1936, 100.0000000000000000 ) ;
#432 = CARTESIAN_POINT ( 'NONE',  ( -0.06499999854713679748, 0.06875000000000000555, 0.03624999899417159083 ) ) ;
#433 = ADVANCED_FACE ( 'NONE', ( #43 ), #1879, .F. ) ;
#434 = PRESENTATION_LAYER_ASSIGNMENT (  '', '', ( #2285 ) ) ;
#435 = ORIENTED_EDGE ( 'NONE', *, *, #1658, .T. ) ;
#436 = DIRECTION ( 'NONE',  ( -0.0000000000000000000, -1.000000000000000000, -0.0000000000000000000 ) ) ;
#437 = CARTESIAN_POINT ( 'NONE',  ( -0.08999999999999999667, 0.05999999999999999778, 0.08000000000000000167 ) ) ;
#438 = STYLED_ITEM ( 'NONE', ( #2294 ), #433 ) ;
#439 = SURFACE_STYLE_USAGE ( .BOTH. , #2236 ) ;
#440 = AXIS2_PLACEMENT_3D ( 'NONE', #850, #1210, #838 ) ;
#441 = STYLED_ITEM ( 'NONE', ( #503 ), #1059 ) ;
#442 = CIRCLE ( 'NONE', #1828, 0.005000000000000002706 ) ;
#443 = AXIS2_PLACEMENT_3D ( 'NONE', #2052, #1110, #459 ) ;
#444 = AXIS2_PLACEMENT_3D ( 'NONE', #411, #2017, #1230 ) ;
#445 = ORIENTED_EDGE ( 'NONE', *, *, #2426, .F. ) ;
#446 =( NAMED_UNIT ( * ) PLANE_ANGLE_UNIT ( ) SI_UNIT ( $, .RADIAN. ) );
#447 = AXIS2_PLACEMENT_3D ( 'NONE', #592, #580, #2176 ) ;
#448 = ORIENTED_EDGE ( 'NONE', *, *, #474, .F. ) ;
#449 = CARTESIAN_POINT ( 'NONE',  ( 0.1000000000000000056, 0.02999999999999999889, -0.07000000000000000666 ) ) ;
#450 = DIRECTION ( 'NONE',  ( -1.000000000000000000, 0.0000000000000000000, 0.0000000000000000000 ) ) ;
#451 = COLOUR_RGB ( '',0.8156862745098039102, 0.8156862745098039102, 0.8156862745098039102 ) ;
#452 = CARTESIAN_POINT ( 'NONE',  ( -0.05999999865889549949, 0.0000000000000000000, 0.04999999977648259680 ) ) ;
#453 = LINE ( 'NONE', #1494, #1625 ) ;
#454 =( NAMED_UNIT ( * ) PLANE_ANGLE_UNIT ( ) SI_UNIT ( $, .RADIAN. ) );
#455 = PRESENTATION_STYLE_ASSIGNMENT (( #2107 ) ) ;
#456 = ORIENTED_EDGE ( 'NONE', *, *, #2519, .T. ) ;
#457 = ORIENTED_EDGE ( 'NONE', *, *, #2488, .F. ) ;
#458 = SURFACE_STYLE_FILL_AREA ( #1317 ) ;
#459 = DIRECTION ( 'NONE',  ( -3.725290326217491002E-08, 0.0000000000000000000, -0.9999999999999993339 ) ) ;
#460 = CARTESIAN_POINT ( 'NONE',  ( 0.08999999999999999667, 0.05999999999999999778, -0.08000000000000000167 ) ) ;
#461 = EDGE_CURVE ( 'NONE', #307, #226, #873, .T. ) ;
#462 = DIRECTION ( 'NONE',  ( -3.469446926104220047E-16, 0.0000000000000000000, 1.000000000000000000 ) ) ;
#463 = MECHANICAL_DESIGN_GEOMETRIC_PRESENTATION_REPRESENTATION (  '', ( #1735 ), #2395 ) ;
#464 = ORIENTED_EDGE ( 'NONE', *, *, #277, .F. ) ;
#465 = DIRECTION ( 'NONE',  ( -2.312964634635739999E-16, 0.0000000000000000000, 1.000000000000000000 ) ) ;
#466 = ORIENTED_EDGE ( 'NONE', *, *, #896, .F. ) ;
#467 = FILL_AREA_STYLE ('',( #709 ) ) ;
#468 = FACE_OUTER_BOUND ( 'NONE', #331, .T. ) ;
#469 = DIRECTION ( 'NONE',  ( 0.0000000000000000000, -1.000000000000000000, 0.0000000000000000000 ) ) ;
#470 = CARTESIAN_POINT ( 'NONE',  ( 0.1000000000000000056, 0.02999999999999999889, 0.07000000000000000666 ) ) ;
#471 = DIRECTION ( 'NONE',  ( 0.0000000000000000000, 0.0000000000000000000, -1.000000000000000000 ) ) ;
#472 =( BOUNDED_SURFACE ( )  B_SPLINE_SURFACE ( 3, 3, ( 
 ( #2100, #1155, #882, #765 ),
 ( #2354, #594, #2371, #777 ),
 ( #1548, #1006, #2178, #2517 ),
 ( #1179, #1400, #1588, #2566 ) ),
 .UNSPECIFIED., .F., .F., .F. ) 
 B_SPLINE_SURFACE_WITH_KNOTS ( ( 4, 4 ),
 ( 4, 4 ),
 ( 0.0000000000000000000, 1.000000000000000000 ),
 ( 0.0000000000000000000, 1.000000000000000000 ),
 .UNSPECIFIED. ) 
 GEOMETRIC_REPRESENTATION_ITEM ( )  RATIONAL_B_SPLINE_SURFACE ( (
 ( 1.000000000000000000, 0.3333333333333334259, 0.3333333333333334259, 1.000000000000000000),
 ( 0.8047378541243661587, 0.2682459513747887936, 0.2682459513747887936, 0.8047378541243661587),
 ( 0.8047378541243661587, 0.2682459513747887936, 0.2682459513747887936, 0.8047378541243661587),
 ( 1.000000000000000000, 0.3333333333333334259, 0.3333333333333334259, 1.000000000000000000) ) ) 
 REPRESENTATION_ITEM ( '' )  SURFACE ( )  );
#473 = LINE ( 'NONE', #1295, #2119 ) ;
#474 = EDGE_CURVE ( 'NONE', #1045, #2508, #891, .T. ) ;
#475 = AXIS2_PLACEMENT_3D ( 'NONE', #266, #51, #1252 ) ;
#476 = ADVANCED_FACE ( 'NONE', ( #303, #1672 ), #1915, .F. ) ;
#477 = CARTESIAN_POINT ( 'NONE',  ( -0.08999999798834321107, 0.05999999999999999778, 0.06499999843537809796 ) ) ;
#478 =( GEOMETRIC_REPRESENTATION_CONTEXT ( 3 ) GLOBAL_UNCERTAINTY_ASSIGNED_CONTEXT ( ( #2310 ) ) GLOBAL_UNIT_ASSIGNED_CONTEXT ( ( #1617, #1205, #2216 ) ) REPRESENTATION_CONTEXT ( 'NONE', 'WORKASPACE' ) );
#479 = EDGE_LOOP ( 'NONE', ( #11, #1873, #2565, #1750 ) ) ;
#480 = EDGE_CURVE ( 'NONE', #63, #1945, #1902, .T. ) ;
#481 = AXIS2_PLACEMENT_3D ( 'NONE', #58, #870, #2062 ) ;
#482 = VECTOR ( 'NONE', #1270, 100.0000000000000000 ) ;
#483 = PRESENTATION_STYLE_ASSIGNMENT (( #1103 ) ) ;
#484 = STYLED_ITEM ( 'NONE', ( #2479 ), #1801 ) ;
#485 = ORIENTED_EDGE ( 'NONE', *, *, #887, .F. ) ;
#486 = PRESENTATION_STYLE_ASSIGNMENT (( #1906 ) ) ;
#487 = FILL_AREA_STYLE_COLOUR ( '', #1865 ) ;
#488 = DIRECTION ( 'NONE',  ( 0.0000000000000000000, 0.0000000000000000000, -1.000000000000000000 ) ) ;
#489 = STYLED_ITEM ( 'NONE', ( #1258 ), #2265 ) ;
#490 = ORIENTED_EDGE ( 'NONE', *, *, #1119, .T. ) ;
#491 = LINE ( 'NONE', #1069, #138 ) ;
#492 = CARTESIAN_POINT ( 'NONE',  ( 0.08499999798834320663, 0.06500000000000000222, -0.06999999843537810240 ) ) ;
#493 =( GEOMETRIC_REPRESENTATION_CONTEXT ( 3 ) GLOBAL_UNCERTAINTY_ASSIGNED_CONTEXT ( ( #2355 ) ) GLOBAL_UNIT_ASSIGNED_CONTEXT ( ( #1413, #413, #1066 ) ) REPRESENTATION_CONTEXT ( 'NONE', 'WORKASPACE' ) );
#494 = LINE ( 'NONE', #956, #2477 ) ;
#495 = DIRECTION ( 'NONE',  ( -1.000000000000000000, 0.0000000000000000000, -0.0000000000000000000 ) ) ;
#496 = VERTEX_POINT ( 'NONE', #78 ) ;
#497 = EDGE_CURVE ( 'NONE', #496, #1045, #494, .T. ) ;
#498 = ORIENTED_EDGE ( 'NONE', *, *, #1949, .F. ) ;
#499 =( LENGTH_UNIT ( ) NAMED_UNIT ( * ) SI_UNIT ( .CENTI., .METRE. ) );
#500 = UNCERTAINTY_MEASURE_WITH_UNIT (LENGTH_MEASURE( 1.000000000000000082E-05 ), #1238, 'distance_accuracy_value', 'NONE');
#501 = EDGE_LOOP ( 'NONE', ( #27, #1385, #510, #1087 ) ) ;
#502 = LINE ( 'NONE', #649, #2471 ) ;
#503 = PRESENTATION_STYLE_ASSIGNMENT (( #1576 ) ) ;
#504 = DIRECTION ( 'NONE',  ( -0.0000000000000000000, 1.000000000000000000, 0.0000000000000000000 ) ) ;
#505 =( LENGTH_UNIT ( ) NAMED_UNIT ( * ) SI_UNIT ( .CENTI., .METRE. ) );
#506 = CARTESIAN_POINT ( 'NONE',  ( -0.05999999865889549949, 0.0000000000000000000, -0.05000000000000000278 ) ) ;
#507 = EDGE_LOOP ( 'NONE', ( #2137, #1635 ) ) ;
#508 = PRESENTATION_STYLE_ASSIGNMENT (( #720 ) ) ;
#509 = ADVANCED_FACE ( 'NONE', ( #1161 ), #2124, .F. ) ;
#510 = ORIENTED_EDGE ( 'NONE', *, *, #1965, .T. ) ;
#511 = DIRECTION ( 'NONE',  ( 0.0000000000000000000, -1.000000000000000000, 0.0000000000000000000 ) ) ;
#512 = DIRECTION ( 'NONE',  ( 0.0000000000000000000, -0.0000000000000000000, -1.000000000000000000 ) ) ;
#513 = CLOSED_SHELL ( 'NONE', ( #1393, #2279, #2546, #1426, #1018, #322, #372 ) ) ;
#514 = EDGE_CURVE ( 'NONE', #389, #290, #1347, .T. ) ;
#515 = SURFACE_SIDE_STYLE ('',( #1522 ) ) ;
#516 = DIRECTION ( 'NONE',  ( -0.0000000000000000000, -1.000000000000000000, -0.0000000000000000000 ) ) ;
#517 = CARTESIAN_POINT ( 'NONE',  ( -0.08999999798834319720, 0.06500000000000000222, 0.06999999843537810240 ) ) ;
#518 = CARTESIAN_POINT ( 'NONE',  ( -0.05999999865889549949, 0.0000000000000000000, 0.08000000000000000167 ) ) ;
#519 = DIRECTION ( 'NONE',  ( -1.000000000000000000, 0.0000000000000000000, 1.224646799147353207E-16 ) ) ;
#520 = PRESENTATION_LAYER_ASSIGNMENT (  '', '', ( #172 ) ) ;
#521 = ORIENTED_EDGE ( 'NONE', *, *, #946, .T. ) ;
#522 = ORIENTED_EDGE ( 'NONE', *, *, #332, .T. ) ;
#523 = VECTOR ( 'NONE', #1968, 100.0000000000000000 ) ;
#524 = FACE_OUTER_BOUND ( 'NONE', #1109, .T. ) ;
#525 = DIRECTION ( 'NONE',  ( -2.312964617402810242E-16, 0.0000000000000000000, -1.000000000000000000 ) ) ;
#526 = SURFACE_STYLE_USAGE ( .BOTH. , #515 ) ;
#527 = UNCERTAINTY_MEASURE_WITH_UNIT (LENGTH_MEASURE( 1.000000000000000082E-05 ), #293, 'distance_accuracy_value', 'NONE');
#528 = MECHANICAL_DESIGN_GEOMETRIC_PRESENTATION_REPRESENTATION (  '', ( #1415 ), #1751 ) ;
#529 = ORIENTED_EDGE ( 'NONE', *, *, #212, .F. ) ;
#530 = DIRECTION ( 'NONE',  ( 0.0000000000000000000, 1.000000000000000000, 0.0000000000000000000 ) ) ;
#531 = VECTOR ( 'NONE', #630, 100.0000000000000000 ) ;
#532 = LINE ( 'NONE', #779, #611 ) ;
#533 = VECTOR ( 'NONE', #2514, 100.0000000000000000 ) ;
#534 = ADVANCED_FACE ( 'NONE', ( #359 ), #391, .F. ) ;
#535 = DIRECTION ( 'NONE',  ( 0.0000000000000000000, 1.000000000000000000, 0.0000000000000000000 ) ) ;
#536 = CARTESIAN_POINT ( 'NONE',  ( 0.0000000000000000000, 0.02999999999999999889, 0.0000000000000000000 ) ) ;
#537 = MECHANICAL_DESIGN_GEOMETRIC_PRESENTATION_REPRESENTATION (  '', ( #1758 ), #1063 ) ;
#538 = ORIENTED_EDGE ( 'NONE', *, *, #1815, .T. ) ;
#539 = SURFACE_SIDE_STYLE ('',( #1767 ) ) ;
#540 = ORIENTED_EDGE ( 'NONE', *, *, #934, .F. ) ;
#541 =( NAMED_UNIT ( * ) PLANE_ANGLE_UNIT ( ) SI_UNIT ( $, .RADIAN. ) );
#542 = CARTESIAN_POINT ( 'NONE',  ( 0.08999999798834319720, 0.05999999999999999778, 0.06999999843537810240 ) ) ;
#543 = ORIENTED_EDGE ( 'NONE', *, *, #2519, .F. ) ;
#544 = DIRECTION ( 'NONE',  ( -0.0000000000000000000, -0.0000000000000000000, -1.000000000000000000 ) ) ;
#545 = CARTESIAN_POINT ( 'NONE',  ( -0.09999999999999997780, 0.0000000000000000000, 0.01999999955296519541 ) ) ;
#546 = CARTESIAN_POINT ( 'NONE',  ( -0.09000000000000001055, -0.0001000000000000000183, -0.08000000000000000167 ) ) ;
#547 = CARTESIAN_POINT ( 'NONE',  ( -0.06499999854713679748, 0.06875000000000000555, 0.05249999899417161220 ) ) ;
#548 = SURFACE_STYLE_FILL_AREA ( #320 ) ;
#549 = ADVANCED_FACE ( 'NONE', ( #1055 ), #1016, .T. ) ;
#550 = VERTEX_POINT ( 'NONE', #204 ) ;
#551 = CARTESIAN_POINT ( 'NONE',  ( 0.05999999865889549949, -0.0001000000000000000183, 0.01999999955296519888 ) ) ;
#552 = EDGE_CURVE ( 'NONE', #682, #792, #2521, .T. ) ;
#553 = EDGE_LOOP ( 'NONE', ( #2128, #2333, #1178, #490 ) ) ;
#554 = DIRECTION ( 'NONE',  ( -1.000000000000000000, -0.0000000000000000000, -0.0000000000000000000 ) ) ;
#555 = DIRECTION ( 'NONE',  ( -1.000000000000000000, -0.0000000000000000000, -0.0000000000000000000 ) ) ;
#556 = PLANE ( 'NONE',  #89 ) ;
#557 =( NAMED_UNIT ( * ) SI_UNIT ( $, .STERADIAN. ) SOLID_ANGLE_UNIT ( ) );
#558 =( NAMED_UNIT ( * ) PLANE_ANGLE_UNIT ( ) SI_UNIT ( $, .RADIAN. ) );
#559 =( NAMED_UNIT ( * ) SI_UNIT ( $, .STERADIAN. ) SOLID_ANGLE_UNIT ( ) );
#560 = DIRECTION ( 'NONE',  ( 0.0000000000000000000, -1.000000000000000000, 0.0000000000000000000 ) ) ;
#561 = EDGE_CURVE ( 'NONE', #562, #909, #1422, .T. ) ;
#562 = VERTEX_POINT ( 'NONE', #2397 ) ;
#563 = FACE_OUTER_BOUND ( 'NONE', #382, .T. ) ;
#564 =( GEOMETRIC_REPRESENTATION_CONTEXT ( 3 ) GLOBAL_UNCERTAINTY_ASSIGNED_CONTEXT ( ( #1446 ) ) GLOBAL_UNIT_ASSIGNED_CONTEXT ( ( #1292, #2555, #1355 ) ) REPRESENTATION_CONTEXT ( 'NONE', 'WORKASPACE' ) );
#565 = EDGE_CURVE ( 'NONE', #2165, #1124, #1908, .T. ) ;
#566 = ORIENTED_EDGE ( 'NONE', *, *, #680, .F. ) ;
#567 = DIRECTION ( 'NONE',  ( 1.000000000000000000, 0.0000000000000000000, -0.0000000000000000000 ) ) ;
#568 =( GEOMETRIC_REPRESENTATION_CONTEXT ( 3 ) GLOBAL_UNCERTAINTY_ASSIGNED_CONTEXT ( ( #1948 ) ) GLOBAL_UNIT_ASSIGNED_CONTEXT ( ( #4, #1806, #1984 ) ) REPRESENTATION_CONTEXT ( 'NONE', 'WORKASPACE' ) );
#569 =( NAMED_UNIT ( * ) PLANE_ANGLE_UNIT ( ) SI_UNIT ( $, .RADIAN. ) );
#570 = AXIS2_PLACEMENT_3D ( 'NONE', #1487, #1135, #1113 ) ;
#571 = COLOUR_RGB ( '',0.8156862745098039102, 0.8156862745098039102, 0.8156862745098039102 ) ;
#572 = CARTESIAN_POINT ( 'NONE',  ( -0.07999999932944780456, 0.0000000000000000000, -0.05000000000000000278 ) ) ;
#573 =( NAMED_UNIT ( * ) SI_UNIT ( $, .STERADIAN. ) SOLID_ANGLE_UNIT ( ) );
#574 = CARTESIAN_POINT ( 'NONE',  ( -0.08499999798834320663, 0.06500000000000000222, -0.05999999843537810046 ) ) ;
#575 = ORIENTED_EDGE ( 'NONE', *, *, #349, .F. ) ;
#576 = CARTESIAN_POINT ( 'NONE',  ( -0.05999999865889549949, -0.0001000000000000000183, -0.08000000000000000167 ) ) ;
#577 = MECHANICAL_DESIGN_GEOMETRIC_PRESENTATION_REPRESENTATION (  '', ( #365 ), #493 ) ;
#578 = ORIENTED_EDGE ( 'NONE', *, *, #258, .T. ) ;
#579 =( NAMED_UNIT ( * ) PLANE_ANGLE_UNIT ( ) SI_UNIT ( $, .RADIAN. ) );
#580 = DIRECTION ( 'NONE',  ( -1.000000000000000000, 0.0000000000000000000, 0.0000000000000000000 ) ) ;
#581 = ORIENTED_EDGE ( 'NONE', *, *, #1759, .F. ) ;
#582 = FACE_OUTER_BOUND ( 'NONE', #1154, .T. ) ;
#583 = CARTESIAN_POINT ( 'NONE',  ( -0.06499999854713679748, 0.06750000000000000444, 0.05124999899417158333 ) ) ;
#584 = EDGE_CURVE ( 'NONE', #247, #1858, #589, .T. ) ;
#585 = ORIENTED_EDGE ( 'NONE', *, *, #561, .F. ) ;
#586 = SURFACE_STYLE_FILL_AREA ( #1038 ) ;
#587 = CARTESIAN_POINT ( 'NONE',  ( 0.08999999999999999667, 0.0000000000000000000, 0.08000000000000000167 ) ) ;
#588 = EDGE_CURVE ( 'NONE', #909, #226, #810, .T. ) ;
#589 = LINE ( 'NONE', #837, #1747 ) ;
#590 = FILL_AREA_STYLE ('',( #1030 ) ) ;
#591 = LINE ( 'NONE', #2175, #181 ) ;
#592 = CARTESIAN_POINT ( 'NONE',  ( -0.08499999798834320663, 0.06500000000000000222, -0.06499999843537809796 ) ) ;
#593 = VERTEX_POINT ( 'NONE', #1444 ) ;
#594 = CARTESIAN_POINT ( 'NONE',  ( -0.04896446464120406822, 0.07000000000000000666, 0.03698223204120519580 ) ) ;
#595 = LINE ( 'NONE', #2418, #1219 ) ;
#596 = ADVANCED_FACE ( 'NONE', ( #1209 ), #1797, .T. ) ;
#597 = ORIENTED_EDGE ( 'NONE', *, *, #2448, .T. ) ;
#598 = EDGE_CURVE ( 'NONE', #1822, #1570, #2422, .T. ) ;
#599 = SURFACE_STYLE_FILL_AREA ( #1762 ) ;
#600 = CARTESIAN_POINT ( 'NONE',  ( 0.0000000000000000000, 0.05999999999999999778, 0.06999999843537810240 ) ) ;
#601 = ORIENTED_EDGE ( 'NONE', *, *, #1389, .F. ) ;
#602 = DIRECTION ( 'NONE',  ( 0.0000000000000000000, 0.0000000000000000000, 1.000000000000000000 ) ) ;
#603 = ORIENTED_EDGE ( 'NONE', *, *, #30, .T. ) ;
#604 = CARTESIAN_POINT ( 'NONE',  ( -0.06499999854713679748, 0.06875000000000000555, 0.03874999899417158611 ) ) ;
#605 = ORIENTED_EDGE ( 'NONE', *, *, #1648, .T. ) ;
#606 = VECTOR ( 'NONE', #555, 100.0000000000000000 ) ;
#607 = CARTESIAN_POINT ( 'NONE',  ( -0.06499999854713681136, 0.06875000000000000555, 0.03749999899417158500 ) ) ;
#608 = FACE_OUTER_BOUND ( 'NONE', #1137, .T. ) ;
#609 = AXIS2_PLACEMENT_3D ( 'NONE', #2598, #821, #2234 ) ;
#610 =( GEOMETRIC_REPRESENTATION_CONTEXT ( 3 ) GLOBAL_UNCERTAINTY_ASSIGNED_CONTEXT ( ( #778 ) ) GLOBAL_UNIT_ASSIGNED_CONTEXT ( ( #76, #1694, #2095 ) ) REPRESENTATION_CONTEXT ( 'NONE', 'WORKASPACE' ) );
#611 = VECTOR ( 'NONE', #1186, 100.0000000000000000 ) ;
#612 = LINE ( 'NONE', #2014, #2527 ) ;
#613 = DIRECTION ( 'NONE',  ( -0.0000000000000000000, -1.000000000000000000, -0.0000000000000000000 ) ) ;
#614 = CIRCLE ( 'NONE', #2243, 0.005000000000000002706 ) ;
#615 = CIRCLE ( 'NONE', #1417, 0.005000000000000002706 ) ;
#616 =( GEOMETRIC_REPRESENTATION_CONTEXT ( 3 ) GLOBAL_UNCERTAINTY_ASSIGNED_CONTEXT ( ( #2332 ) ) GLOBAL_UNIT_ASSIGNED_CONTEXT ( ( #327, #569, #970 ) ) REPRESENTATION_CONTEXT ( 'NONE', 'WORKASPACE' ) );
#617 = CARTESIAN_POINT ( 'NONE',  ( 0.1000000000000000056, 0.0000000000000000000, -0.07000000000000000666 ) ) ;
#618 = ORIENTED_EDGE ( 'NONE', *, *, #402, .T. ) ;
#619 = CARTESIAN_POINT ( 'NONE',  ( 0.08999999999999999667, 0.0000000000000000000, 0.08000000000000000167 ) ) ;
#620 = ORIENTED_EDGE ( 'NONE', *, *, #1683, .F. ) ;
#621 = CARTESIAN_POINT ( 'NONE',  ( -0.1000000000000000056, -0.0001000000000000000183, 0.08000000000000000167 ) ) ;
#622 = FACE_OUTER_BOUND ( 'NONE', #7, .T. ) ;
#623 = DIRECTION ( 'NONE',  ( 1.000000000000000000, 0.0000000000000000000, 0.0000000000000000000 ) ) ;
#624 = CARTESIAN_POINT ( 'NONE',  ( 0.08499999798834320663, 0.06500000000000000222, -0.05999999843537810046 ) ) ;
#625 = CARTESIAN_POINT ( 'NONE',  ( -0.06499999854713679748, 0.07000000000000000666, 0.05374999899417159249 ) ) ;
#626 = EDGE_CURVE ( 'NONE', #1409, #2286, #651, .T. ) ;
#627 = ORIENTED_EDGE ( 'NONE', *, *, #2089, .F. ) ;
#628 = PRESENTATION_STYLE_ASSIGNMENT (( #1814 ) ) ;
#629 = ADVANCED_FACE ( 'NONE', ( #2588 ), #1602, .T. ) ;
#630 = DIRECTION ( 'NONE',  ( -0.0000000000000000000, -0.0000000000000000000, 1.000000000000000000 ) ) ;
#631 = ORIENTED_EDGE ( 'NONE', *, *, #1833, .F. ) ;
#632 = CYLINDRICAL_SURFACE ( 'NONE', #2170, 0.01000000000000000541 ) ;
#633 = CARTESIAN_POINT ( 'NONE',  ( -0.1000000000000000056, -0.0001000000000000000183, 0.07000000000000000666 ) ) ;
#634 = CARTESIAN_POINT ( 'NONE',  ( 0.07999999932944780456, 0.0000000000000000000, 0.08000000000000000167 ) ) ;
#635 =( LENGTH_UNIT ( ) NAMED_UNIT ( * ) SI_UNIT ( .CENTI., .METRE. ) );
#636 = FILL_AREA_STYLE ('',( #2424 ) ) ;
#637 = CARTESIAN_POINT ( 'NONE',  ( -0.1000000000000000056, -0.0001000000000000000183, 0.01999999955296519888 ) ) ;
#638 = EDGE_CURVE ( 'NONE', #2286, #1075, #1977, .T. ) ;
#639 = EDGE_LOOP ( 'NONE', ( #182, #888, #2226, #166 ) ) ;
#640 = FILL_AREA_STYLE_COLOUR ( '', #2296 ) ;
#641 = CARTESIAN_POINT ( 'NONE',  ( -0.07999999932944780456, 0.0000000000000000000, -0.08000000000000000167 ) ) ;
#642 = EDGE_CURVE ( 'NONE', #1945, #386, #1618, .T. ) ;
#643 = ORIENTED_EDGE ( 'NONE', *, *, #899, .T. ) ;
#644 = CARTESIAN_POINT ( 'NONE',  ( 0.1000000000000000056, -0.0001000000000000000183, 0.08000000000000000167 ) ) ;
#645 = DIRECTION ( 'NONE',  ( -0.0000000000000000000, 1.000000000000000000, 0.0000000000000000000 ) ) ;
#646 = CARTESIAN_POINT ( 'NONE',  ( -0.08499999798834320663, 0.06500000000000000222, -0.05999999843537810046 ) ) ;
#647 = VECTOR ( 'NONE', #1431, 100.0000000000000000 ) ;
#648 = EDGE_LOOP ( 'NONE', ( #2554, #2419, #982, #603 ) ) ;
#649 = CARTESIAN_POINT ( 'NONE',  ( 0.05999999865889552031, 0.0000000000000000000, 0.01999999955296519541 ) ) ;
#650 = DIRECTION ( 'NONE',  ( 0.0000000000000000000, 1.000000000000000000, 0.0000000000000000000 ) ) ;
#651 = CIRCLE ( 'NONE', #609, 0.01000000000000000541 ) ;
#652 = VECTOR ( 'NONE', #462, 100.0000000000000000 ) ;
#653 = AXIS2_PLACEMENT_3D ( 'NONE', #286, #2450, #670 ) ;
#654 = FILL_AREA_STYLE_COLOUR ( '', #1007 ) ;
#655 = CARTESIAN_POINT ( 'NONE',  ( -0.1000000000000000056, 0.0000000000000000000, -0.08000000000000000167 ) ) ;
#656 =( GEOMETRIC_REPRESENTATION_CONTEXT ( 3 ) GLOBAL_UNCERTAINTY_ASSIGNED_CONTEXT ( ( #1928 ) ) GLOBAL_UNIT_ASSIGNED_CONTEXT ( ( #422, #819, #2393 ) ) REPRESENTATION_CONTEXT ( 'NONE', 'WORKASPACE' ) );
#657 = VECTOR ( 'NONE', #1843, 100.0000000000000000 ) ;
#658 = ORIENTED_EDGE ( 'NONE', *, *, #914, .F. ) ;
#659 = COLOUR_RGB ( '',0.8156862745098039102, 0.8156862745098039102, 0.8156862745098039102 ) ;
#660 =( NAMED_UNIT ( * ) SI_UNIT ( $, .STERADIAN. ) SOLID_ANGLE_UNIT ( ) );
#661 = DIRECTION ( 'NONE',  ( 0.0000000000000000000, 1.000000000000000000, 0.0000000000000000000 ) ) ;
#662 = PRESENTATION_LAYER_ASSIGNMENT (  '', '', ( #1424 ) ) ;
#663 = ORIENTED_EDGE ( 'NONE', *, *, #2180, .T. ) ;
#664 = CARTESIAN_POINT ( 'NONE',  ( -0.06499999854713679748, 0.06875000000000000555, 0.05124999899417161109 ) ) ;
#665 = CARTESIAN_POINT ( 'NONE',  ( -0.1000000000000000056, 0.02999999999999999889, -0.07000000000000000666 ) ) ;
#666 = VECTOR ( 'NONE', #1168, 100.0000000000000000 ) ;
#667 = CARTESIAN_POINT ( 'NONE',  ( -0.08999999999999999667, -0.0001000000000000000183, -0.08000000000000000167 ) ) ;
#668 = EDGE_CURVE ( 'NONE', #2451, #2444, #1000, .T. ) ;
#669 =( NAMED_UNIT ( * ) PLANE_ANGLE_UNIT ( ) SI_UNIT ( $, .RADIAN. ) );
#670 = DIRECTION ( 'NONE',  ( 0.0000000000000000000, 0.0000000000000000000, -1.000000000000000000 ) ) ;
#671 = SURFACE_SIDE_STYLE ('',( #1396 ) ) ;
#672 = SURFACE_STYLE_USAGE ( .BOTH. , #1891 ) ;
#673 = SURFACE_SIDE_STYLE ('',( #1708 ) ) ;
#674 = ORIENTED_EDGE ( 'NONE', *, *, #65, .F. ) ;
#675 = DIRECTION ( 'NONE',  ( -2.312964617402810242E-16, 0.0000000000000000000, 1.000000000000000000 ) ) ;
#676 = ORIENTED_EDGE ( 'NONE', *, *, #1900, .T. ) ;
#677 = DIRECTION ( 'NONE',  ( 0.0000000000000000000, 0.0000000000000000000, -1.000000000000000000 ) ) ;
#678 = CARTESIAN_POINT ( 'NONE',  ( -0.08999999999999999667, 0.0000000000000000000, 0.08000000000000000167 ) ) ;
#679 = PRESENTATION_STYLE_ASSIGNMENT (( #898 ) ) ;
#680 = EDGE_CURVE ( 'NONE', #1596, #247, #87, .T. ) ;
#681 = ADVANCED_FACE ( 'NONE', ( #1395 ), #2574, .T. ) ;
#682 = VERTEX_POINT ( 'NONE', #1221 ) ;
#683 = CARTESIAN_POINT ( 'NONE',  ( -0.08999999798834321107, 0.06500000000000000222, 0.06499999843537809796 ) ) ;
#684 = CARTESIAN_POINT ( 'NONE',  ( -0.08999999999999999667, 0.0000000000000000000, 0.08000000000000001554 ) ) ;
#685 = CARTESIAN_POINT ( 'NONE',  ( 0.05999999865889549949, 0.0000000000000000000, 0.08000000000000000167 ) ) ;
#686 =( NAMED_UNIT ( * ) SI_UNIT ( $, .STERADIAN. ) SOLID_ANGLE_UNIT ( ) );
#687 = ORIENTED_EDGE ( 'NONE', *, *, #701, .F. ) ;
#688 = DIRECTION ( 'NONE',  ( 0.0000000000000000000, 0.0000000000000000000, 1.000000000000000000 ) ) ;
#689 = EDGE_LOOP ( 'NONE', ( #1978, #2548, #631, #747 ) ) ;
#690 = CARTESIAN_POINT ( 'NONE',  ( -0.07999999932944780456, 0.0000000000000000000, 0.04999999977648259680 ) ) ;
#691 = CYLINDRICAL_SURFACE ( 'NONE', #2436, 0.009999999999999982861 ) ;
#692 = CARTESIAN_POINT ( 'NONE',  ( 0.07999999798834320219, 0.07000000000000000666, -0.05999999843537810046 ) ) ;
#693 = ORIENTED_EDGE ( 'NONE', *, *, #914, .T. ) ;
#694 = DIRECTION ( 'NONE',  ( -1.000000000000000000, -0.0000000000000000000, -0.0000000000000000000 ) ) ;
#695 = DIRECTION ( 'NONE',  ( -0.0000000000000000000, 1.000000000000000000, -0.0000000000000000000 ) ) ;
#696 = DIRECTION ( 'NONE',  ( 0.0000000000000000000, -0.0000000000000000000, -1.000000000000000000 ) ) ;
#697 = EDGE_CURVE ( 'NONE', #88, #2591, #1244, .T. ) ;
#698 =( GEOMETRIC_REPRESENTATION_CONTEXT ( 3 ) GLOBAL_UNCERTAINTY_ASSIGNED_CONTEXT ( ( #66 ) ) GLOBAL_UNIT_ASSIGNED_CONTEXT ( ( #337, #541, #2343 ) ) REPRESENTATION_CONTEXT ( 'NONE', 'WORKASPACE' ) );
#699 = CARTESIAN_POINT ( 'NONE',  ( 0.08999999798834319720, 0.05999999999999999778, -0.06999999843537810240 ) ) ;
#700 = DIRECTION ( 'NONE',  ( -0.0000000000000000000, 0.0000000000000000000, 1.000000000000000000 ) ) ;
#701 = EDGE_CURVE ( 'NONE', #335, #1817, #612, .T. ) ;
#702 =( GEOMETRIC_REPRESENTATION_CONTEXT ( 3 ) GLOBAL_UNCERTAINTY_ASSIGNED_CONTEXT ( ( #851 ) ) GLOBAL_UNIT_ASSIGNED_CONTEXT ( ( #635, #195, #1837 ) ) REPRESENTATION_CONTEXT ( 'NONE', 'WORKASPACE' ) );
#703 = STYLED_ITEM ( 'NONE', ( #274 ), #476 ) ;
#704 =( GEOMETRIC_REPRESENTATION_CONTEXT ( 3 ) GLOBAL_UNCERTAINTY_ASSIGNED_CONTEXT ( ( #2079 ) ) GLOBAL_UNIT_ASSIGNED_CONTEXT ( ( #2092, #1482, #1847 ) ) REPRESENTATION_CONTEXT ( 'NONE', 'WORKASPACE' ) );
#705 = LINE ( 'NONE', #184, #185 ) ;
#706 =( GEOMETRIC_REPRESENTATION_CONTEXT ( 3 ) GLOBAL_UNCERTAINTY_ASSIGNED_CONTEXT ( ( #2507 ) ) GLOBAL_UNIT_ASSIGNED_CONTEXT ( ( #1432, #2374, #1808 ) ) REPRESENTATION_CONTEXT ( 'NONE', 'WORKASPACE' ) );
#707 = VECTOR ( 'NONE', #1166, 100.0000000000000000 ) ;
#708 = VERTEX_POINT ( 'NONE', #57 ) ;
#709 = FILL_AREA_STYLE_COLOUR ( '', #2006 ) ;
#710 = CIRCLE ( 'NONE', #1418, 0.005000000000000002706 ) ;
#711 = CARTESIAN_POINT ( 'NONE',  ( 0.08499999798834320663, 0.05999999999999999778, 0.06499999843537809796 ) ) ;
#712 = DIRECTION ( 'NONE',  ( 0.0000000000000000000, -1.000000000000000000, 0.0000000000000000000 ) ) ;
#713 = CARTESIAN_POINT ( 'NONE',  ( 0.08999999999999999667, 0.0000000000000000000, 0.08000000000000000167 ) ) ;
#714 = PRESENTATION_LAYER_ASSIGNMENT (  '', '', ( #1758 ) ) ;
#715 =( NAMED_UNIT ( * ) PLANE_ANGLE_UNIT ( ) SI_UNIT ( $, .RADIAN. ) );
#716 = CARTESIAN_POINT ( 'NONE',  ( 0.05999999865889549949, 0.0000000000000000000, -0.01999999955296518847 ) ) ;
#717 = EDGE_CURVE ( 'NONE', #1316, #785, #1255, .T. ) ;
#718 = EDGE_CURVE ( 'NONE', #1404, #2087, #889, .T. ) ;
#719 = ORIENTED_EDGE ( 'NONE', *, *, #800, .T. ) ;
#720 = SURFACE_STYLE_USAGE ( .BOTH. , #1176 ) ;
#721 = EDGE_CURVE ( 'NONE', #2412, #1379, #491, .T. ) ;
#722 = ORIENTED_EDGE ( 'NONE', *, *, #1331, .T. ) ;
#723 = DIRECTION ( 'NONE',  ( 0.0000000000000000000, -0.0000000000000000000, -1.000000000000000000 ) ) ;
#724 = SURFACE_STYLE_FILL_AREA ( #103 ) ;
#725 = UNCERTAINTY_MEASURE_WITH_UNIT (LENGTH_MEASURE( 1.000000000000000082E-05 ), #2141, 'distance_accuracy_value', 'NONE');
#726 = DIRECTION ( 'NONE',  ( 0.0000000000000000000, 1.000000000000000000, 0.0000000000000000000 ) ) ;
#727 = DIRECTION ( 'NONE',  ( 0.0000000000000000000, 1.000000000000000000, 0.0000000000000000000 ) ) ;
#728 = SURFACE_STYLE_FILL_AREA ( #2335 ) ;
#729 = SURFACE_STYLE_USAGE ( .BOTH. , #942 ) ;
#730 = DIRECTION ( 'NONE',  ( 0.0000000000000000000, 0.0000000000000000000, -1.000000000000000000 ) ) ;
#731 = VERTEX_POINT ( 'NONE', #1848 ) ;
#732 = FILL_AREA_STYLE_COLOUR ( '', #1060 ) ;
#733 = EDGE_LOOP ( 'NONE', ( #2194, #1190, #2387 ) ) ;
#734 = SURFACE_SIDE_STYLE ('',( #1925 ) ) ;
#735 = CARTESIAN_POINT ( 'NONE',  ( 0.08499999798834320663, 0.06500000000000000222, -0.05999999843537810046 ) ) ;
#736 = EDGE_CURVE ( 'NONE', #1516, #88, #2241, .T. ) ;
#737 = ORIENTED_EDGE ( 'NONE', *, *, #1742, .T. ) ;
#738 = SURFACE_STYLE_FILL_AREA ( #1732 ) ;
#739 = LINE ( 'NONE', #517, #1010 ) ;
#740 = PLANE ( 'NONE',  #2528 ) ;
#741 =( LENGTH_UNIT ( ) NAMED_UNIT ( * ) SI_UNIT ( .CENTI., .METRE. ) );
#742 = VECTOR ( 'NONE', #1947, 100.0000000000000000 ) ;
#743 = ORIENTED_EDGE ( 'NONE', *, *, #1884, .T. ) ;
#744 = DIRECTION ( 'NONE',  ( -1.000000000000000000, 0.0000000000000000000, -0.0000000000000000000 ) ) ;
#745 = STYLED_ITEM ( 'NONE', ( #1188 ), #534 ) ;
#746 = AXIS2_PLACEMENT_3D ( 'NONE', #29, #1423, #2211 ) ;
#747 = ORIENTED_EDGE ( 'NONE', *, *, #1345, .F. ) ;
#748 = MECHANICAL_DESIGN_GEOMETRIC_PRESENTATION_REPRESENTATION (  '', ( #1540 ), #656 ) ;
#749 = MECHANICAL_DESIGN_GEOMETRIC_PRESENTATION_REPRESENTATION (  '', ( #875 ), #706 ) ;
#750 = CIRCLE ( 'NONE', #1670, 0.01000000000000000541 ) ;
#751 = ORIENTED_EDGE ( 'NONE', *, *, #2338, .F. ) ;
#752 = ADVANCED_FACE ( 'NONE', ( #901 ), #273, .T. ) ;
#753 = DIRECTION ( 'NONE',  ( 0.0000000000000000000, -1.000000000000000000, 0.0000000000000000000 ) ) ;
#754 = SURFACE_SIDE_STYLE ('',( #929 ) ) ;
#755 = DIRECTION ( 'NONE',  ( -0.0000000000000000000, 1.000000000000000000, 0.0000000000000000000 ) ) ;
#756 =( GEOMETRIC_REPRESENTATION_CONTEXT ( 3 ) GLOBAL_UNCERTAINTY_ASSIGNED_CONTEXT ( ( #2568 ) ) GLOBAL_UNIT_ASSIGNED_CONTEXT ( ( #2368, #364, #1192 ) ) REPRESENTATION_CONTEXT ( 'NONE', 'WORKASPACE' ) );
#757 = CARTESIAN_POINT ( 'NONE',  ( -0.07896446464120407405, 0.06749999999999999056, 0.05198223204120522994 ) ) ;
#758 = CARTESIAN_POINT ( 'NONE',  ( -0.08103553245306954755, 0.06999999999999999278, 0.03698223204120524438 ) ) ;
#759 = AXIS2_PLACEMENT_3D ( 'NONE', #690, #511, #723 ) ;
#760 = DIRECTION ( 'NONE',  ( -3.469446926104220047E-16, 0.0000000000000000000, 1.000000000000000000 ) ) ;
#761 = ORIENTED_EDGE ( 'NONE', *, *, #2149, .F. ) ;
#762 = CARTESIAN_POINT ( 'NONE',  ( 0.0000000000000000000, 0.05999999999999999778, -0.06999999843537810240 ) ) ;
#763 = LINE ( 'NONE', #2299, #797 ) ;
#764 = EDGE_LOOP ( 'NONE', ( #2438, #1715, #19, #1753, #2177 ) ) ;
#765 = CARTESIAN_POINT ( 'NONE',  ( -0.06499999854713679748, 0.07000000000000000666, 0.05374999899417160637 ) ) ;
#766 = FILL_AREA_STYLE_COLOUR ( '', #1093 ) ;
#767 = FACE_OUTER_BOUND ( 'NONE', #501, .T. ) ;
#768 = VERTEX_POINT ( 'NONE', #683 ) ;
#769 = LINE ( 'NONE', #1341, #431 ) ;
#770 = LINE ( 'NONE', #780, #2323 ) ;
#771 = ADVANCED_FACE ( 'NONE', ( #28 ), #67, .F. ) ;
#772 =( LENGTH_UNIT ( ) NAMED_UNIT ( * ) SI_UNIT ( .CENTI., .METRE. ) );
#773 = EDGE_CURVE ( 'NONE', #922, #2476, #1621, .T. ) ;
#774 = VERTEX_POINT ( 'NONE', #869 ) ;
#775 = DIRECTION ( 'NONE',  ( 0.0000000000000000000, 1.000000000000000000, -0.0000000000000000000 ) ) ;
#776 = VERTEX_POINT ( 'NONE', #1497 ) ;
#777 = CARTESIAN_POINT ( 'NONE',  ( -0.06499999854713681136, 0.07000000000000000666, 0.05301776594713797364 ) ) ;
#778 = UNCERTAINTY_MEASURE_WITH_UNIT (LENGTH_MEASURE( 1.000000000000000082E-05 ), #76, 'distance_accuracy_value', 'NONE');
#779 = CARTESIAN_POINT ( 'NONE',  ( 0.08499999798834320663, 0.06500000000000000222, 0.05999999843537810046 ) ) ;
#780 = CARTESIAN_POINT ( 'NONE',  ( 0.09999999776482580705, -0.0001000000000000000183, 0.01999999955296519888 ) ) ;
#781 = DIRECTION ( 'NONE',  ( 0.0000000000000000000, 1.000000000000000000, 0.0000000000000000000 ) ) ;
#782 = EDGE_CURVE ( 'NONE', #845, #1200, #1293, .T. ) ;
#783 = SURFACE_SIDE_STYLE ('',( #158 ) ) ;
#784 = VECTOR ( 'NONE', #2392, 100.0000000000000000 ) ;
#785 = VERTEX_POINT ( 'NONE', #2094 ) ;
#786 = PLANE ( 'NONE',  #2582 ) ;
#787 = ADVANCED_FACE ( 'NONE', ( #2061 ), #1671, .F. ) ;
#788 = PRESENTATION_LAYER_ASSIGNMENT (  '', '', ( #745 ) ) ;
#789 = CARTESIAN_POINT ( 'NONE',  ( -0.05249999854713681413, 0.06750000000000000444, 0.05124999899417159027 ) ) ;
#790 = VECTOR ( 'NONE', #2223, 100.0000000000000000 ) ;
#791 = AXIS2_PLACEMENT_3D ( 'NONE', #2322, #2556, #136 ) ;
#792 = VERTEX_POINT ( 'NONE', #1094 ) ;
#793 = AXIS2_PLACEMENT_3D ( 'NONE', #1394, #381, #1986 ) ;
#794 = PRESENTATION_STYLE_ASSIGNMENT (( #13 ) ) ;
#795 = EDGE_LOOP ( 'NONE', ( #2382, #124, #1304, #2139 ) ) ;
#796 = CARTESIAN_POINT ( 'NONE',  ( -0.1000000000000000056, 0.0000000000000000000, 0.01999999955296519888 ) ) ;
#797 = VECTOR ( 'NONE', #1315, 100.0000000000000000 ) ;
#798 = AXIS2_PLACEMENT_3D ( 'NONE', #2151, #390, #367 ) ;
#799 = ORIENTED_EDGE ( 'NONE', *, *, #418, .F. ) ;
#800 = EDGE_CURVE ( 'NONE', #1909, #1048, #1876, .T. ) ;
#801 = FILL_AREA_STYLE_COLOUR ( '', #1464 ) ;
#802 = EDGE_CURVE ( 'NONE', #1858, #984, #1733, .T. ) ;
#803 = ORIENTED_EDGE ( 'NONE', *, *, #697, .T. ) ;
#804 = CARTESIAN_POINT ( 'NONE',  ( 0.05999999865889549949, -0.0001000000000000000183, -0.08000000000000000167 ) ) ;
#805 = FACE_OUTER_BOUND ( 'NONE', #1264, .T. ) ;
#806 = ADVANCED_FACE ( 'NONE', ( #299 ), #1952, .T. ) ;
#807 = PRESENTATION_STYLE_ASSIGNMENT (( #1794 ) ) ;
#808 = CARTESIAN_POINT ( 'NONE',  ( -0.08499999798834320663, 0.05999999999999999778, -0.06499999843537809796 ) ) ;
#809 = ORIENTED_EDGE ( 'NONE', *, *, #839, .T. ) ;
#810 = LINE ( 'NONE', #634, #2239 ) ;
#811 = CARTESIAN_POINT ( 'NONE',  ( 0.07999999798834320219, 0.06500000000000000222, 0.06499999843537809796 ) ) ;
#812 = ORIENTED_EDGE ( 'NONE', *, *, #34, .T. ) ;
#813 = ORIENTED_EDGE ( 'NONE', *, *, #65, .T. ) ;
#814 =( NAMED_UNIT ( * ) PLANE_ANGLE_UNIT ( ) SI_UNIT ( $, .RADIAN. ) );
#815 = DIRECTION ( 'NONE',  ( 1.000000000000000000, 0.0000000000000000000, 0.0000000000000000000 ) ) ;
#816 = ORIENTED_EDGE ( 'NONE', *, *, #319, .F. ) ;
#817 = DIRECTION ( 'NONE',  ( 1.000000000000000000, 0.0000000000000000000, -0.0000000000000000000 ) ) ;
#818 = DIRECTION ( 'NONE',  ( 0.0000000000000000000, 0.0000000000000000000, -1.000000000000000000 ) ) ;
#819 =( NAMED_UNIT ( * ) PLANE_ANGLE_UNIT ( ) SI_UNIT ( $, .RADIAN. ) );
#820 = CARTESIAN_POINT ( 'NONE',  ( -0.06499999854713679748, 0.07000000000000000666, 0.05374999899417159249 ) ) ;
#821 = DIRECTION ( 'NONE',  ( -0.0000000000000000000, 1.000000000000000000, -0.0000000000000000000 ) ) ;
#822 = CARTESIAN_POINT ( 'NONE',  ( 0.05999999865889549949, -0.0001000000000000000183, -0.08000000000000000167 ) ) ;
#823 = CARTESIAN_POINT ( 'NONE',  ( -0.1000000000000000056, 0.05999999999999999778, -0.08000000000000000167 ) ) ;
#824 = ORIENTED_EDGE ( 'NONE', *, *, #212, .T. ) ;
#825 = CARTESIAN_POINT ( 'NONE',  ( -0.1000000000000000056, 0.05999999999999999778, 0.08000000000000000167 ) ) ;
#826 = COLOUR_RGB ( '',0.6274509803921568540, 0.6274509803921568540, 0.6274509803921568540 ) ;
#827 = EDGE_LOOP ( 'NONE', ( #1933, #1151, #1855, #952, #1231, #1950, #1437, #1830 ) ) ;
#828 =( GEOMETRIC_REPRESENTATION_CONTEXT ( 3 ) GLOBAL_UNCERTAINTY_ASSIGNED_CONTEXT ( ( #725 ) ) GLOBAL_UNIT_ASSIGNED_CONTEXT ( ( #2141, #313, #2495 ) ) REPRESENTATION_CONTEXT ( 'NONE', 'WORKASPACE' ) );
#829 = DIRECTION ( 'NONE',  ( 0.0000000000000000000, -1.000000000000000000, 0.0000000000000000000 ) ) ;
#830 = CARTESIAN_POINT ( 'NONE',  ( -0.07999999798834320219, 0.06500000000000000222, 0.05999999843537810046 ) ) ;
#831 = CARTESIAN_POINT ( 'NONE',  ( -0.08249999854713681302, 0.07000000000000000666, 0.03624999899417159777 ) ) ;
#832 = VECTOR ( 'NONE', #70, 100.0000000000000000 ) ;
#833 = EDGE_CURVE ( 'NONE', #2307, #550, #329, .T. ) ;
#834 = ORIENTED_EDGE ( 'NONE', *, *, #800, .F. ) ;
#835 = MECHANICAL_DESIGN_GEOMETRIC_PRESENTATION_REPRESENTATION (  '', ( #1371 ), #702 ) ;
#836 = AXIS2_PLACEMENT_3D ( 'NONE', #15, #2210, #167 ) ;
#837 = CARTESIAN_POINT ( 'NONE',  ( 0.0000000000000000000, 0.06500000000000000222, -0.06499999843537809796 ) ) ;
#838 = DIRECTION ( 'NONE',  ( 0.0000000000000000000, -0.0000000000000000000, -1.000000000000000000 ) ) ;
#839 = EDGE_CURVE ( 'NONE', #2341, #1686, #532, .T. ) ;
#840 = PRESENTATION_LAYER_ASSIGNMENT (  '', '', ( #2406 ) ) ;
#841 = CARTESIAN_POINT ( 'NONE',  ( -0.07999999798834320219, 0.07000000000000000666, -0.05999999843537810046 ) ) ;
#842 = AXIS2_PLACEMENT_3D ( 'NONE', #1922, #2537, #325 ) ;
#843 = ORIENTED_EDGE ( 'NONE', *, *, #156, .T. ) ;
#844 = PLANE ( 'NONE',  #2162 ) ;
#845 = VERTEX_POINT ( 'NONE', #1554 ) ;
#846 = CARTESIAN_POINT ( 'NONE',  ( -0.07999999798834321607, 0.06500000000000000222, -0.06499999843537809796 ) ) ;
#847 = DIRECTION ( 'NONE',  ( 0.0000000000000000000, -1.000000000000000000, 0.0000000000000000000 ) ) ;
#848 = CARTESIAN_POINT ( 'NONE',  ( -0.05999999865889549949, 0.0000000000000000000, -0.02000000000000000042 ) ) ;
#849 = DIRECTION ( 'NONE',  ( 0.0000000000000000000, 0.0000000000000000000, 1.000000000000000000 ) ) ;
#850 = CARTESIAN_POINT ( 'NONE',  ( 0.07999999932944780456, 0.0000000000000000000, -0.04999999977648259680 ) ) ;
#851 = UNCERTAINTY_MEASURE_WITH_UNIT (LENGTH_MEASURE( 1.000000000000000082E-05 ), #635, 'distance_accuracy_value', 'NONE');
#852 = CYLINDRICAL_SURFACE ( 'NONE', #1220, 0.005000000000000002706 ) ;
#853 = ORIENTED_EDGE ( 'NONE', *, *, #187, .F. ) ;
#854 = CARTESIAN_POINT ( 'NONE',  ( -0.1000000000000000056, 0.02999999999999999889, 0.0000000000000000000 ) ) ;
#855 = ORIENTED_EDGE ( 'NONE', *, *, #1815, .F. ) ;
#856 = CARTESIAN_POINT ( 'NONE',  ( -0.06499999854713679748, 0.07000000000000000666, 0.03624999899417159083 ) ) ;
#857 = DIRECTION ( 'NONE',  ( 0.0000000000000000000, -1.000000000000000000, -0.0000000000000000000 ) ) ;
#858 = EDGE_LOOP ( 'NONE', ( #2267, #429, #1997, #658 ) ) ;
#859 = FILL_AREA_STYLE ('',( #2277 ) ) ;
#860 = DIRECTION ( 'NONE',  ( -0.0000000000000000000, -1.000000000000000000, -0.0000000000000000000 ) ) ;
#861 = DIRECTION ( 'NONE',  ( -1.000000000000000000, 0.0000000000000000000, 0.0000000000000000000 ) ) ;
#862 =( NAMED_UNIT ( * ) PLANE_ANGLE_UNIT ( ) SI_UNIT ( $, .RADIAN. ) );
#863 = ORIENTED_EDGE ( 'NONE', *, *, #152, .T. ) ;
#864 = CARTESIAN_POINT ( 'NONE',  ( 0.08999999999999999667, 0.02999999999999999889, 0.08000000000000000167 ) ) ;
#865 = EDGE_CURVE ( 'NONE', #1213, #33, #739, .T. ) ;
#866 =( NAMED_UNIT ( * ) SI_UNIT ( $, .STERADIAN. ) SOLID_ANGLE_UNIT ( ) );
#867 = ORIENTED_EDGE ( 'NONE', *, *, #1833, .T. ) ;
#868 = DIRECTION ( 'NONE',  ( 0.0000000000000000000, -0.0000000000000000000, -1.000000000000000000 ) ) ;
#869 = CARTESIAN_POINT ( 'NONE',  ( -0.1000000000000000056, 0.05999999999999999778, -0.07000000000000000666 ) ) ;
#870 = DIRECTION ( 'NONE',  ( 0.0000000000000000000, 0.0000000000000000000, -1.000000000000000000 ) ) ;
#871 = VECTOR ( 'NONE', #244, 100.0000000000000000 ) ;
#872 = VECTOR ( 'NONE', #107, 100.0000000000000000 ) ;
#873 = LINE ( 'NONE', #685, #2287 ) ;
#874 = CARTESIAN_POINT ( 'NONE',  ( 0.1000000000000000056, 0.05999999999999999778, -0.08000000000000000167 ) ) ;
#875 = STYLED_ITEM ( 'NONE', ( #794 ), #1600 ) ;
#876 = STYLED_ITEM ( 'NONE', ( #483 ), #1993 ) ;
#877 = ORIENTED_EDGE ( 'NONE', *, *, #1035, .F. ) ;
#878 = DIRECTION ( 'NONE',  ( 0.0000000000000000000, -0.0000000000000000000, -1.000000000000000000 ) ) ;
#879 = ADVANCED_FACE ( 'NONE', ( #1761 ), #1772, .F. ) ;
#880 = AXIS2_PLACEMENT_3D ( 'NONE', #518, #1320, #1332 ) ;
#881 = VERTEX_POINT ( 'NONE', #1171 ) ;
#882 = CARTESIAN_POINT ( 'NONE',  ( -0.04749999854713678887, 0.07000000000000002054, 0.05374999899417160637 ) ) ;
#883 = SURFACE_SIDE_STYLE ('',( #1278 ) ) ;
#884 = AXIS2_PLACEMENT_3D ( 'NONE', #279, #2505, #1509 ) ;
#885 = CARTESIAN_POINT ( 'NONE',  ( 0.1000000000000000056, 0.0000000000000000000, -0.04999999977648259680 ) ) ;
#886 = SURFACE_STYLE_FILL_AREA ( #1871 ) ;
#887 = EDGE_CURVE ( 'NONE', #1559, #1124, #2345, .T. ) ;
#888 = ORIENTED_EDGE ( 'NONE', *, *, #2448, .F. ) ;
#889 = LINE ( 'NONE', #75, #1456 ) ;
#890 = CARTESIAN_POINT ( 'NONE',  ( 0.05999999865889549949, 0.0000000000000000000, -0.04999999977648259680 ) ) ;
#891 = LINE ( 'NONE', #245, #2116 ) ;
#892 = DIRECTION ( 'NONE',  ( -0.0000000000000000000, -1.000000000000000000, -0.0000000000000000000 ) ) ;
#893 = ORIENTED_EDGE ( 'NONE', *, *, #1229, .F. ) ;
#894 =( NAMED_UNIT ( * ) SI_UNIT ( $, .STERADIAN. ) SOLID_ANGLE_UNIT ( ) );
#895 = CARTESIAN_POINT ( 'NONE',  ( 0.09999999776482580705, -0.0001000000000000000183, 0.01999999955296519888 ) ) ;
#896 = EDGE_CURVE ( 'NONE', #792, #682, #1829, .T. ) ;
#897 = DIRECTION ( 'NONE',  ( 0.0000000000000000000, 0.0000000000000000000, -1.000000000000000000 ) ) ;
#898 = SURFACE_STYLE_USAGE ( .BOTH. , #1887 ) ;
#899 = EDGE_CURVE ( 'NONE', #845, #1310, #2155, .T. ) ;
#900 = CARTESIAN_POINT ( 'NONE',  ( 0.07999999932944780456, -0.0001000000000000000183, 0.04999999977648259680 ) ) ;
#901 = FACE_OUTER_BOUND ( 'NONE', #733, .T. ) ;
#902 = DIRECTION ( 'NONE',  ( 0.0000000000000000000, 0.0000000000000000000, 1.000000000000000000 ) ) ;
#903 = ORIENTED_EDGE ( 'NONE', *, *, #638, .F. ) ;
#904 = CARTESIAN_POINT ( 'NONE',  ( 0.0000000000000000000, 0.0000000000000000000, 0.0000000000000000000 ) ) ;
#905 = ORIENTED_EDGE ( 'NONE', *, *, #2561, .T. ) ;
#906 =( NAMED_UNIT ( * ) PLANE_ANGLE_UNIT ( ) SI_UNIT ( $, .RADIAN. ) );
#907 = DIRECTION ( 'NONE',  ( 0.0000000000000000000, 1.000000000000000000, 0.0000000000000000000 ) ) ;
#908 = UNCERTAINTY_MEASURE_WITH_UNIT (LENGTH_MEASURE( 1.000000000000000082E-05 ), #296, 'distance_accuracy_value', 'NONE');
#909 = VERTEX_POINT ( 'NONE', #587 ) ;
#910 = VECTOR ( 'NONE', #544, 100.0000000000000000 ) ;
#911 = DIRECTION ( 'NONE',  ( -0.0000000000000000000, 1.000000000000000000, -0.0000000000000000000 ) ) ;
#912 = SURFACE_STYLE_USAGE ( .BOTH. , #2084 ) ;
#913 = CIRCLE ( 'NONE', #1407, 0.005000000000000002706 ) ;
#914 = EDGE_CURVE ( 'NONE', #389, #1799, #1744, .T. ) ;
#915 = CIRCLE ( 'NONE', #1662, 0.009999999999999982861 ) ;
#916 = DIRECTION ( 'NONE',  ( -0.0000000000000000000, -1.000000000000000000, -0.0000000000000000000 ) ) ;
#917 = AXIS2_PLACEMENT_3D ( 'NONE', #1445, #1043, #1849 ) ;
#918 = ORIENTED_EDGE ( 'NONE', *, *, #1436, .T. ) ;
#919 = COLOUR_RGB ( '',0.6274509803921568540, 0.6274509803921568540, 0.6274509803921568540 ) ;
#920 = STYLED_ITEM ( 'NONE', ( #1730 ), #1862 ) ;
#921 = COLOUR_RGB ( '',0.9529411764705881804, 0.8980392156862745390, 0.6549019607843137303 ) ;
#922 = VERTEX_POINT ( 'NONE', #678 ) ;
#923 = DIRECTION ( 'NONE',  ( 0.0000000000000000000, -1.000000000000000000, 0.0000000000000000000 ) ) ;
#924 =( GEOMETRIC_REPRESENTATION_CONTEXT ( 3 ) GLOBAL_UNCERTAINTY_ASSIGNED_CONTEXT ( ( #1770 ) ) GLOBAL_UNIT_ASSIGNED_CONTEXT ( ( #1071, #2550, #1357 ) ) REPRESENTATION_CONTEXT ( 'NONE', 'WORKASPACE' ) );
#925 = DIRECTION ( 'NONE',  ( 0.0000000000000000000, 0.0000000000000000000, 1.000000000000000000 ) ) ;
#926 = AXIS2_PLACEMENT_3D ( 'NONE', #1818, #829, #2034 ) ;
#927 = ORIENTED_EDGE ( 'NONE', *, *, #2009, .T. ) ;
#928 = FACE_OUTER_BOUND ( 'NONE', #1885, .T. ) ;
#929 = SURFACE_STYLE_FILL_AREA ( #2524 ) ;
#930 = CARTESIAN_POINT ( 'NONE',  ( -0.06499999854713679748, 0.06750000000000000444, 0.05124999899417158333 ) ) ;
#931 = CARTESIAN_POINT ( 'NONE',  ( -0.06499999854713681136, 0.06875000000000000555, 0.03749999899417158500 ) ) ;
#932 =( NAMED_UNIT ( * ) PLANE_ANGLE_UNIT ( ) SI_UNIT ( $, .RADIAN. ) );
#933 = ORIENTED_EDGE ( 'NONE', *, *, #1919, .T. ) ;
#934 = EDGE_CURVE ( 'NONE', #922, #88, #1985, .T. ) ;
#935 = VERTEX_POINT ( 'NONE', #1870 ) ;
#936 = DIRECTION ( 'NONE',  ( 1.000000000000000000, 0.0000000000000000000, -0.0000000000000000000 ) ) ;
#937 = FILL_AREA_STYLE ('',( #1563 ) ) ;
#938 = UNCERTAINTY_MEASURE_WITH_UNIT (LENGTH_MEASURE( 1.000000000000000082E-05 ), #2312, 'distance_accuracy_value', 'NONE');
#939 = EDGE_LOOP ( 'NONE', ( #2174, #693, #2357, #1265 ) ) ;
#940 = CARTESIAN_POINT ( 'NONE',  ( -0.07999999798834320219, 0.06500000000000000222, 0.05999999843537810046 ) ) ;
#941 = DIRECTION ( 'NONE',  ( 0.0000000000000000000, -1.000000000000000000, 0.0000000000000000000 ) ) ;
#942 = SURFACE_SIDE_STYLE ('',( #1765 ) ) ;
#943 = ORIENTED_EDGE ( 'NONE', *, *, #1002, .T. ) ;
#944 =( BOUNDED_SURFACE ( )  B_SPLINE_SURFACE ( 3, 3, ( 
 ( #1429, #1390, #789, #583 ),
 ( #2179, #1034, #1999, #1239 ),
 ( #1636, #1025, #1195, #1597 ),
 ( #2168, #1973, #1816, #1206 ) ),
 .UNSPECIFIED., .F., .F., .F. ) 
 B_SPLINE_SURFACE_WITH_KNOTS ( ( 4, 4 ),
 ( 4, 4 ),
 ( 0.0000000000000000000, 1.000000000000000000 ),
 ( 0.0000000000000000000, 1.000000000000000000 ),
 .UNSPECIFIED. ) 
 GEOMETRIC_REPRESENTATION_ITEM ( )  RATIONAL_B_SPLINE_SURFACE ( (
 ( 1.000000000000000000, 0.3333333333333334259, 0.3333333333333334259, 1.000000000000000000),
 ( 0.8047378541243608296, 0.2682459513747870172, 0.2682459513747870172, 0.8047378541243608296),
 ( 0.8047378541243608296, 0.2682459513747870172, 0.2682459513747870172, 0.8047378541243608296),
 ( 1.000000000000000000, 0.3333333333333334259, 0.3333333333333334259, 1.000000000000000000) ) ) 
 REPRESENTATION_ITEM ( '' )  SURFACE ( )  );
#945 = DIRECTION ( 'NONE',  ( 0.0000000000000000000, -0.0000000000000000000, 1.000000000000000000 ) ) ;
#946 = EDGE_CURVE ( 'NONE', #1817, #1531, #750, .T. ) ;
#947 = ORIENTED_EDGE ( 'NONE', *, *, #2063, .T. ) ;
#948 =( NAMED_UNIT ( * ) PLANE_ANGLE_UNIT ( ) SI_UNIT ( $, .RADIAN. ) );
#949 = FACE_OUTER_BOUND ( 'NONE', #1387, .T. ) ;
#950 = DIRECTION ( 'NONE',  ( 0.0000000000000000000, 0.0000000000000000000, 1.000000000000000000 ) ) ;
#951 = EDGE_CURVE ( 'NONE', #1075, #276, #2247, .T. ) ;
#952 = ORIENTED_EDGE ( 'NONE', *, *, #1119, .F. ) ;
#953 = DIRECTION ( 'NONE',  ( 0.0000000000000000000, 0.0000000000000000000, -1.000000000000000000 ) ) ;
#954 = CARTESIAN_POINT ( 'NONE',  ( -0.06499999854713679748, 0.06875000000000000555, 0.04499999899417159860 ) ) ;
#955 = DIRECTION ( 'NONE',  ( -3.725290326217491002E-08, 0.0000000000000000000, -0.9999999999999993339 ) ) ;
#956 = CARTESIAN_POINT ( 'NONE',  ( 0.08999999999999999667, 0.02999999999999999889, -0.08000000000000000167 ) ) ;
#957 = CARTESIAN_POINT ( 'NONE',  ( 0.05999999865889549949, 0.0000000000000000000, 0.08000000000000000167 ) ) ;
#958 = AXIS2_PLACEMENT_3D ( 'NONE', #2154, #530, #1524 ) ;
#959 = EDGE_LOOP ( 'NONE', ( #1793, #2300, #2298, #2377, #1552 ) ) ;
#960 = LINE ( 'NONE', #1201, #1260 ) ;
#961 = CARTESIAN_POINT ( 'NONE',  ( 0.1000000000000000056, 0.0000000000000000000, 0.07000000000000000666 ) ) ;
#962 = VECTOR ( 'NONE', #2375, 100.0000000000000000 ) ;
#963 = EDGE_CURVE ( 'NONE', #2030, #1399, #2272, .T. ) ;
#964 = STYLED_ITEM ( 'NONE', ( #455 ), #1421 ) ;
#965 = ORIENTED_EDGE ( 'NONE', *, *, #2558, .T. ) ;
#966 = STYLED_ITEM ( 'NONE', ( #2484 ), #787 ) ;
#967 = LINE ( 'NONE', #2189, #1384 ) ;
#968 = LINE ( 'NONE', #1964, #2197 ) ;
#969 = EDGE_CURVE ( 'NONE', #881, #1200, #25, .T. ) ;
#970 =( NAMED_UNIT ( * ) SI_UNIT ( $, .STERADIAN. ) SOLID_ANGLE_UNIT ( ) );
#971 = UNCERTAINTY_MEASURE_WITH_UNIT (LENGTH_MEASURE( 1.000000000000000082E-05 ), #505, 'distance_accuracy_value', 'NONE');
#972 = AXIS2_PLACEMENT_3D ( 'NONE', #268, #1700, #488 ) ;
#973 = STYLED_ITEM ( 'NONE', ( #1044 ), #1126 ) ;
#974 = FILL_AREA_STYLE_COLOUR ( '', #826 ) ;
#975 = COLOUR_RGB ( '',0.8156862745098039102, 0.8156862745098039102, 0.8156862745098039102 ) ;
#976 = SURFACE_STYLE_FILL_AREA ( #2105 ) ;
#977 = EDGE_CURVE ( 'NONE', #290, #1594, #1080, .T. ) ;
#978 = FILL_AREA_STYLE_COLOUR ( '', #2403 ) ;
#979 = VECTOR ( 'NONE', #141, 100.0000000000000000 ) ;
#980 = PLANE ( 'NONE',  #880 ) ;
#981 = PRESENTATION_LAYER_ASSIGNMENT (  '', '', ( #1718 ) ) ;
#982 = ORIENTED_EDGE ( 'NONE', *, *, #201, .T. ) ;
#983 = LINE ( 'NONE', #115, #1673 ) ;
#984 = VERTEX_POINT ( 'NONE', #1370 ) ;
#985 = LINE ( 'NONE', #1769, #2127 ) ;
#986 = SURFACE_SIDE_STYLE ('',( #724 ) ) ;
#987 = ORIENTED_EDGE ( 'NONE', *, *, #1150, .T. ) ;
#988 = PRESENTATION_STYLE_ASSIGNMENT (( #1910 ) ) ;
#989 = CARTESIAN_POINT ( 'NONE',  ( 0.07999999798834320219, 0.06500000000000000222, -0.06499999843537811184 ) ) ;
#990 = FACE_OUTER_BOUND ( 'NONE', #795, .T. ) ;
#991 = EDGE_CURVE ( 'NONE', #1804, #2307, #591, .T. ) ;
#992 = SURFACE_STYLE_USAGE ( .BOTH. , #1398 ) ;
#993 = ORIENTED_EDGE ( 'NONE', *, *, #1471, .F. ) ;
#994 = DIRECTION ( 'NONE',  ( -1.000000000000000000, 0.0000000000000000000, -0.0000000000000000000 ) ) ;
#995 = UNCERTAINTY_MEASURE_WITH_UNIT (LENGTH_MEASURE( 1.000000000000000082E-05 ), #1191, 'distance_accuracy_value', 'NONE');
#996 = ORIENTED_EDGE ( 'NONE', *, *, #1451, .T. ) ;
#997 = CARTESIAN_POINT ( 'NONE',  ( -0.06499999854713679748, 0.06750000000000000444, 0.04499999899417159860 ) ) ;
#998 = LINE ( 'NONE', #1613, #1669 ) ;
#999 = EDGE_CURVE ( 'NONE', #1822, #2341, #960, .T. ) ;
#1000 = LINE ( 'NONE', #600, #2160 ) ;
#1001 = DIRECTION ( 'NONE',  ( 1.000000000000000000, 0.0000000000000000000, 0.0000000000000000000 ) ) ;
#1002 = EDGE_CURVE ( 'NONE', #2459, #1921, #2138, .T. ) ;
#1003 = DIRECTION ( 'NONE',  ( -0.0000000000000000000, 0.0000000000000000000, -1.000000000000000000 ) ) ;
#1004 = CIRCLE ( 'NONE', #1579, 0.006249999999999995143 ) ;
#1005 = ORIENTED_EDGE ( 'NONE', *, *, #1648, .F. ) ;
#1006 = CARTESIAN_POINT ( 'NONE',  ( -0.04999999854713677722, 0.06948223304703363135, 0.03749999899417157112 ) ) ;
#1007 = COLOUR_RGB ( '',0.9529411764705881804, 0.8980392156862745390, 0.6549019607843137303 ) ;
#1008 = LINE ( 'NONE', #2389, #1546 ) ;
#1009 = VECTOR ( 'NONE', #41, 100.0000000000000000 ) ;
#1010 = VECTOR ( 'NONE', #121, 100.0000000000000000 ) ;
#1011 = DIRECTION ( 'NONE',  ( 0.0000000000000000000, -0.0000000000000000000, -1.000000000000000000 ) ) ;
#1012 = CIRCLE ( 'NONE', #972, 0.009999999999999982861 ) ;
#1013 = CARTESIAN_POINT ( 'NONE',  ( -0.08249999854713681302, 0.07000000000000000666, 0.05374999899417159943 ) ) ;
#1014 = COLOUR_RGB ( '',0.9529411764705881804, 0.8980392156862745390, 0.6549019607843137303 ) ;
#1015 = AXIS2_PLACEMENT_3D ( 'NONE', #825, #1047, #1983 ) ;
#1016 = PLANE ( 'NONE',  #1584 ) ;
#1017 = CARTESIAN_POINT ( 'NONE',  ( -0.1000000000000000056, -0.0001000000000000000183, -0.02000000000000000042 ) ) ;
#1018 = ADVANCED_FACE ( 'NONE', ( #2163 ), #2351, .T. ) ;
#1019 =( GEOMETRIC_REPRESENTATION_CONTEXT ( 3 ) GLOBAL_UNCERTAINTY_ASSIGNED_CONTEXT ( ( #1353 ) ) GLOBAL_UNIT_ASSIGNED_CONTEXT ( ( #1033, #1428, #1450 ) ) REPRESENTATION_CONTEXT ( 'NONE', 'WORKASPACE' ) );
#1020 = EDGE_LOOP ( 'NONE', ( #1369, #2569, #2073, #719 ) ) ;
#1021 = DIRECTION ( 'NONE',  ( -1.000000000000000000, 0.0000000000000000000, -0.0000000000000000000 ) ) ;
#1022 = PLANE ( 'NONE',  #447 ) ;
#1023 = EDGE_CURVE ( 'NONE', #1559, #776, #145, .T. ) ;
#1024 = CARTESIAN_POINT ( 'NONE',  ( -0.05999999865889549949, 0.0000000000000000000, -0.08000000000000000167 ) ) ;
#1025 = CARTESIAN_POINT ( 'NONE',  ( -0.04999999854713679803, 0.06801776695296636588, 0.03749999899417159888 ) ) ;
#1026 = ORIENTED_EDGE ( 'NONE', *, *, #1632, .F. ) ;
#1027 = CARTESIAN_POINT ( 'NONE',  ( -0.08499999798834320663, 0.06500000000000000222, 0.0000000000000000000 ) ) ;
#1028 = LINE ( 'NONE', #2596, #647 ) ;
#1029 = DIRECTION ( 'NONE',  ( 1.000000000000000000, 0.0000000000000000000, -0.0000000000000000000 ) ) ;
#1030 = FILL_AREA_STYLE_COLOUR ( '', #178 ) ;
#1031 = CARTESIAN_POINT ( 'NONE',  ( 0.1000000000000000056, 0.0000000000000000000, 0.08000000000000000167 ) ) ;
#1032 = ORIENTED_EDGE ( 'NONE', *, *, #1530, .F. ) ;
#1033 =( LENGTH_UNIT ( ) NAMED_UNIT ( * ) SI_UNIT ( .CENTI., .METRE. ) );
#1034 = CARTESIAN_POINT ( 'NONE',  ( -0.05103553245306954173, 0.06749999999999999056, 0.03801776594713796725 ) ) ;
#1035 = EDGE_CURVE ( 'NONE', #550, #1516, #1784, .T. ) ;
#1036 = ORIENTED_EDGE ( 'NONE', *, *, #111, .F. ) ;
#1037 = FACE_OUTER_BOUND ( 'NONE', #1541, .T. ) ;
#1038 = FILL_AREA_STYLE ('',( #2208 ) ) ;
#1039 = SURFACE_SIDE_STYLE ('',( #2192 ) ) ;
#1040 = DIRECTION ( 'NONE',  ( -1.000000000000000000, -0.0000000000000000000, 0.0000000000000000000 ) ) ;
#1041 = ORIENTED_EDGE ( 'NONE', *, *, #1949, .T. ) ;
#1042 = DIRECTION ( 'NONE',  ( 0.0000000000000000000, -1.000000000000000000, 0.0000000000000000000 ) ) ;
#1043 = DIRECTION ( 'NONE',  ( -0.0000000000000000000, -1.000000000000000000, -0.0000000000000000000 ) ) ;
#1044 = PRESENTATION_STYLE_ASSIGNMENT (( #206 ) ) ;
#1045 = VERTEX_POINT ( 'NONE', #1560 ) ;
#1046 = APPLICATION_PROTOCOL_DEFINITION ( 'draft international standard', 'automotive_design', 1998, #428 ) ;
#1047 = DIRECTION ( 'NONE',  ( -0.0000000000000000000, -1.000000000000000000, -0.0000000000000000000 ) ) ;
#1048 = VERTEX_POINT ( 'NONE', #1595 ) ;
#1049 = DIRECTION ( 'NONE',  ( -1.000000000000000000, 0.0000000000000000000, 1.224646799147353207E-16 ) ) ;
#1050 = DIRECTION ( 'NONE',  ( 0.0000000000000000000, -0.0000000000000000000, -1.000000000000000000 ) ) ;
#1051 = PRESENTATION_LAYER_ASSIGNMENT (  '', '', ( #964 ) ) ;
#1052 = EDGE_LOOP ( 'NONE', ( #1325, #1796, #1479, #199 ) ) ;
#1053 = AXIS2_PLACEMENT_3D ( 'NONE', #432, #623, #1626 ) ;
#1054 = VECTOR ( 'NONE', #727, 100.0000000000000000 ) ;
#1055 = FACE_OUTER_BOUND ( 'NONE', #1731, .T. ) ;
#1056 = SURFACE_SIDE_STYLE ('',( #234 ) ) ;
#1057 = CIRCLE ( 'NONE', #1015, 0.01000000000000000541 ) ;
#1058 = CIRCLE ( 'NONE', #360, 0.001249999999999997858 ) ;
#1059 = SHELL_BASED_SURFACE_MODEL ( 'NONE', ( #513, #2601, #295, #426, #1941, #1653 ) );
#1060 = COLOUR_RGB ( '',0.9529411764705881804, 0.8980392156862745390, 0.6549019607843137303 ) ;
#1061 = EDGE_LOOP ( 'NONE', ( #2349, #1841, #2161, #1663, #581, #105, #236, #1340 ) ) ;
#1062 = LINE ( 'NONE', #1228, #2490 ) ;
#1063 =( GEOMETRIC_REPRESENTATION_CONTEXT ( 3 ) GLOBAL_UNCERTAINTY_ASSIGNED_CONTEXT ( ( #2541 ) ) GLOBAL_UNIT_ASSIGNED_CONTEXT ( ( #499, #2301, #2075 ) ) REPRESENTATION_CONTEXT ( 'NONE', 'WORKASPACE' ) );
#1064 =( LENGTH_UNIT ( ) NAMED_UNIT ( * ) SI_UNIT ( .CENTI., .METRE. ) );
#1065 = ORIENTED_EDGE ( 'NONE', *, *, #977, .F. ) ;
#1066 =( NAMED_UNIT ( * ) SI_UNIT ( $, .STERADIAN. ) SOLID_ANGLE_UNIT ( ) );
#1067 = DIRECTION ( 'NONE',  ( 0.0000000000000000000, 0.0000000000000000000, -1.000000000000000000 ) ) ;
#1068 = DIRECTION ( 'NONE',  ( 0.0000000000000000000, 0.0000000000000000000, 1.000000000000000000 ) ) ;
#1069 = CARTESIAN_POINT ( 'NONE',  ( 0.1000000000000000056, -0.0001000000000000000183, -0.01999999955296519888 ) ) ;
#1070 = LINE ( 'NONE', #1257, #1872 ) ;
#1071 =( LENGTH_UNIT ( ) NAMED_UNIT ( * ) SI_UNIT ( .CENTI., .METRE. ) );
#1072 = ADVANCED_FACE ( 'NONE', ( #563 ), #2376, .F. ) ;
#1073 = LINE ( 'NONE', #1657, #269 ) ;
#1074 = EDGE_CURVE ( 'NONE', #1452, #2512, #2225, .T. ) ;
#1075 = VERTEX_POINT ( 'NONE', #617 ) ;
#1076 = DIRECTION ( 'NONE',  ( -0.0000000000000000000, -1.000000000000000000, -0.0000000000000000000 ) ) ;
#1077 = ORIENTED_EDGE ( 'NONE', *, *, #1532, .F. ) ;
#1078 = FACE_OUTER_BOUND ( 'NONE', #249, .T. ) ;
#1079 = DIRECTION ( 'NONE',  ( 0.0000000000000000000, -1.000000000000000000, -0.0000000000000000000 ) ) ;
#1080 = LINE ( 'NONE', #667, #1301 ) ;
#1081 = CARTESIAN_POINT ( 'NONE',  ( -0.05999999865889549949, 0.0000000000000000000, -0.01999999999999999695 ) ) ;
#1082 =( NAMED_UNIT ( * ) SI_UNIT ( $, .STERADIAN. ) SOLID_ANGLE_UNIT ( ) );
#1083 = LINE ( 'NONE', #2485, #1785 ) ;
#1084 = EDGE_CURVE ( 'NONE', #708, #2190, #615, .T. ) ;
#1085 = EDGE_CURVE ( 'NONE', #420, #389, #1812, .T. ) ;
#1086 = LINE ( 'NONE', #1880, #2525 ) ;
#1087 = ORIENTED_EDGE ( 'NONE', *, *, #552, .T. ) ;
#1088 = FILL_AREA_STYLE_COLOUR ( '', #1917 ) ;
#1089 = ORIENTED_EDGE ( 'NONE', *, *, #1471, .T. ) ;
#1090 = DIRECTION ( 'NONE',  ( 0.0000000000000000000, 0.0000000000000000000, 1.000000000000000000 ) ) ;
#1091 = VECTOR ( 'NONE', #694, 100.0000000000000000 ) ;
#1092 = DIRECTION ( 'NONE',  ( 0.0000000000000000000, 1.000000000000000000, 0.0000000000000000000 ) ) ;
#1093 = COLOUR_RGB ( '',0.9529411764705881804, 0.8980392156862745390, 0.6549019607843137303 ) ;
#1094 = CARTESIAN_POINT ( 'NONE',  ( -0.06499999854713679748, 0.06875000000000000555, 0.05249999899417159832 ) ) ;
#1095 = DIRECTION ( 'NONE',  ( 0.0000000000000000000, -1.000000000000000000, 0.0000000000000000000 ) ) ;
#1096 = AXIS2_PLACEMENT_3D ( 'NONE', #2434, #650, #1461 ) ;
#1097 = MECHANICAL_DESIGN_GEOMETRIC_PRESENTATION_REPRESENTATION (  '', ( #441 ), #1707 ) ;
#1098 = SURFACE_STYLE_FILL_AREA ( #1121 ) ;
#1099 = CARTESIAN_POINT ( 'NONE',  ( 0.08999999798834319720, 0.05999999999999999778, -0.06499999843537809796 ) ) ;
#1100 = AXIS2_PLACEMENT_3D ( 'NONE', #808, #2039, #2381 ) ;
#1101 = EDGE_CURVE ( 'NONE', #1310, #1048, #1646, .T. ) ;
#1102 = EDGE_LOOP ( 'NONE', ( #585, #147, #2365 ) ) ;
#1103 = SURFACE_STYLE_USAGE ( .BOTH. , #2260 ) ;
#1104 = VECTOR ( 'NONE', #1324, 100.0000000000000000 ) ;
#1105 = ORIENTED_EDGE ( 'NONE', *, *, #2564, .T. ) ;
#1106 = PLANE ( 'NONE',  #759 ) ;
#1107 = DIRECTION ( 'NONE',  ( 0.0000000000000000000, 0.0000000000000000000, -1.000000000000000000 ) ) ;
#1108 = STYLED_ITEM ( 'NONE', ( #2342 ), #2542 ) ;
#1109 = EDGE_LOOP ( 'NONE', ( #529, #2328, #2131, #853, #1809 ) ) ;
#1110 = DIRECTION ( 'NONE',  ( 0.9999999999999993339, 0.0000000000000000000, -3.725290326217491002E-08 ) ) ;
#1111 = PLANE ( 'NONE',  #481 ) ;
#1112 = CARTESIAN_POINT ( 'NONE',  ( 0.0000000000000000000, 0.07000000000000000666, 0.0000000000000000000 ) ) ;
#1113 = DIRECTION ( 'NONE',  ( 0.0000000000000000000, 0.0000000000000000000, -1.000000000000000000 ) ) ;
#1114 = ORIENTED_EDGE ( 'NONE', *, *, #1644, .T. ) ;
#1115 = ORIENTED_EDGE ( 'NONE', *, *, #77, .T. ) ;
#1116 = FILL_AREA_STYLE_COLOUR ( '', #451 ) ;
#1117 = CARTESIAN_POINT ( 'NONE',  ( 0.1000000000000000056, 0.0000000000000000000, -0.07000000000000000666 ) ) ;
#1118 = SURFACE_STYLE_FILL_AREA ( #859 ) ;
#1119 = EDGE_CURVE ( 'NONE', #1183, #774, #2483, .T. ) ;
#1120 = LINE ( 'NONE', #1319, #2440 ) ;
#1121 = FILL_AREA_STYLE ('',( #654 ) ) ;
#1122 = SURFACE_STYLE_USAGE ( .BOTH. , #673 ) ;
#1123 = ORIENTED_EDGE ( 'NONE', *, *, #899, .F. ) ;
#1124 = VERTEX_POINT ( 'NONE', #2213 ) ;
#1125 = CARTESIAN_POINT ( 'NONE',  ( -0.05999999865889549949, 0.0000000000000000000, -0.02000000000000000042 ) ) ;
#1126 = ADVANCED_FACE ( 'NONE', ( #1448 ), #852, .F. ) ;
#1127 = ORIENTED_EDGE ( 'NONE', *, *, #1608, .F. ) ;
#1128 = VECTOR ( 'NONE', #2291, 100.0000000000000000 ) ;
#1129 = SURFACE_STYLE_USAGE ( .BOTH. , #1937 ) ;
#1130 = CIRCLE ( 'NONE', #2156, 0.01000000000000000541 ) ;
#1131 = ADVANCED_FACE ( 'NONE', ( #2590 ), #1605, .T. ) ;
#1132 = FACE_OUTER_BOUND ( 'NONE', #1637, .T. ) ;
#1133 = AXIS2_PLACEMENT_3D ( 'NONE', #2025, #2185, #1810 ) ;
#1134 = SURFACE_STYLE_FILL_AREA ( #2109 ) ;
#1135 = DIRECTION ( 'NONE',  ( -0.0000000000000000000, 1.000000000000000000, -0.0000000000000000000 ) ) ;
#1136 = PRESENTATION_LAYER_ASSIGNMENT (  '', '', ( #966 ) ) ;
#1137 = EDGE_LOOP ( 'NONE', ( #605, #1712, #1547, #1654 ) ) ;
#1138 = AXIS2_PLACEMENT_3D ( 'NONE', #1236, #1465, #1246 ) ;
#1139 = PLANE ( 'NONE',  #842 ) ;
#1140 = VECTOR ( 'NONE', #675, 100.0000000000000000 ) ;
#1141 = MECHANICAL_DESIGN_GEOMETRIC_PRESENTATION_REPRESENTATION (  '', ( #1627 ), #1505 ) ;
#1142 = ORIENTED_EDGE ( 'NONE', *, *, #497, .F. ) ;
#1143 = CARTESIAN_POINT ( 'NONE',  ( -0.08499999798834320663, 0.05999999999999999778, 0.06999999843537810240 ) ) ;
#1144 = DIRECTION ( 'NONE',  ( -0.0000000000000000000, -1.000000000000000000, -0.0000000000000000000 ) ) ;
#1145 =( GEOMETRIC_REPRESENTATION_CONTEXT ( 3 ) GLOBAL_UNCERTAINTY_ASSIGNED_CONTEXT ( ( #119 ) ) GLOBAL_UNIT_ASSIGNED_CONTEXT ( ( #117, #948, #1739 ) ) REPRESENTATION_CONTEXT ( 'NONE', 'WORKASPACE' ) );
#1146 = EDGE_LOOP ( 'NONE', ( #1698, #456, #1065, #2245, #2143 ) ) ;
#1147 = CARTESIAN_POINT ( 'NONE',  ( -0.08499999798834320663, 0.05999999999999999778, -0.06999999843537810240 ) ) ;
#1148 = CARTESIAN_POINT ( 'NONE',  ( 0.1000000000000000056, 0.0000000000000000000, -0.01999999955296519888 ) ) ;
#1149 = SURFACE_STYLE_USAGE ( .BOTH. , #1774 ) ;
#1150 = EDGE_CURVE ( 'NONE', #1789, #496, #1073, .T. ) ;
#1151 = ORIENTED_EDGE ( 'NONE', *, *, #1900, .F. ) ;
#1152 = ADVANCED_FACE ( 'NONE', ( #2200 ), #1226, .T. ) ;
#1153 =( NAMED_UNIT ( * ) PLANE_ANGLE_UNIT ( ) SI_UNIT ( $, .RADIAN. ) );
#1154 = EDGE_LOOP ( 'NONE', ( #2311, #210, #1193, #271 ) ) ;
#1155 = CARTESIAN_POINT ( 'NONE',  ( -0.04749999854713679581, 0.07000000000000002054, 0.03624999899417159777 ) ) ;
#1156 = LINE ( 'NONE', #1327, #742 ) ;
#1157 = ORIENTED_EDGE ( 'NONE', *, *, #2515, .T. ) ;
#1158 = CARTESIAN_POINT ( 'NONE',  ( -0.08499999798834320663, 0.05999999999999999778, -0.06999999843537810240 ) ) ;
#1159 = FILL_AREA_STYLE_COLOUR ( '', #1500 ) ;
#1160 = CARTESIAN_POINT ( 'NONE',  ( 0.1000000000000000056, -0.0001000000000000000183, -0.07000000000000000666 ) ) ;
#1161 = FACE_OUTER_BOUND ( 'NONE', #1061, .T. ) ;
#1162 = DIRECTION ( 'NONE',  ( -0.0000000000000000000, -1.000000000000000000, 0.0000000000000000000 ) ) ;
#1163 = ADVANCED_FACE ( 'NONE', ( #1674 ), #1502, .F. ) ;
#1164 = EDGE_CURVE ( 'NONE', #1562, #1474, #2400, .T. ) ;
#1165 = ORIENTED_EDGE ( 'NONE', *, *, #2023, .T. ) ;
#1166 = DIRECTION ( 'NONE',  ( 0.0000000000000000000, -1.000000000000000000, 0.0000000000000000000 ) ) ;
#1167 = EDGE_LOOP ( 'NONE', ( #643, #618, #1616, #2147 ) ) ;
#1168 = DIRECTION ( 'NONE',  ( 1.000000000000000000, 0.0000000000000000000, 0.0000000000000000000 ) ) ;
#1169 = VERTEX_POINT ( 'NONE', #716 ) ;
#1170 = PLANE ( 'NONE',  #214 ) ;
#1171 = CARTESIAN_POINT ( 'NONE',  ( -0.05999999865889549949, 0.0000000000000000000, 0.01999999955296519541 ) ) ;
#1172 = CARTESIAN_POINT ( 'NONE',  ( 0.07999999798834320219, 0.06500000000000000222, -0.05999999843537810046 ) ) ;
#1173 = CARTESIAN_POINT ( 'NONE',  ( -0.06499999854713681136, 0.07000000000000000666, 0.03698223204120522356 ) ) ;
#1174 = VECTOR ( 'NONE', #645, 100.0000000000000000 ) ;
#1175 = VERTEX_POINT ( 'NONE', #477 ) ;
#1176 = SURFACE_SIDE_STYLE ('',( #1545 ) ) ;
#1177 = AXIS2_PLACEMENT_3D ( 'NONE', #2468, #1890, #1499 ) ;
#1178 = ORIENTED_EDGE ( 'NONE', *, *, #1506, .T. ) ;
#1179 = CARTESIAN_POINT ( 'NONE',  ( -0.06499999854713679748, 0.06875000000000000555, 0.03749999899417159194 ) ) ;
#1180 = EDGE_CURVE ( 'NONE', #731, #335, #1462, .T. ) ;
#1181 = AXIS2_PLACEMENT_3D ( 'NONE', #1367, #941, #164 ) ;
#1182 = VECTOR ( 'NONE', #100, 100.0000000000000000 ) ;
#1183 = VERTEX_POINT ( 'NONE', #1285 ) ;
#1184 = CARTESIAN_POINT ( 'NONE',  ( -0.08499999798834320663, 0.07000000000000000666, -0.06499999843537809796 ) ) ;
#1185 =( GEOMETRIC_REPRESENTATION_CONTEXT ( 3 ) GLOBAL_UNCERTAINTY_ASSIGNED_CONTEXT ( ( #908 ) ) GLOBAL_UNIT_ASSIGNED_CONTEXT ( ( #296, #1550, #149 ) ) REPRESENTATION_CONTEXT ( 'NONE', 'WORKASPACE' ) );
#1186 = DIRECTION ( 'NONE',  ( 0.0000000000000000000, 1.000000000000000000, 0.0000000000000000000 ) ) ;
#1187 = CIRCLE ( 'NONE', #2449, 0.01000000000000000541 ) ;
#1188 = PRESENTATION_STYLE_ASSIGNMENT (( #1149 ) ) ;
#1189 = VECTOR ( 'NONE', #2288, 100.0000000000000000 ) ;
#1190 = ORIENTED_EDGE ( 'NONE', *, *, #1225, .T. ) ;
#1191 =( LENGTH_UNIT ( ) NAMED_UNIT ( * ) SI_UNIT ( .CENTI., .METRE. ) );
#1192 =( NAMED_UNIT ( * ) SI_UNIT ( $, .STERADIAN. ) SOLID_ANGLE_UNIT ( ) );
#1193 = ORIENTED_EDGE ( 'NONE', *, *, #2149, .T. ) ;
#1194 = CARTESIAN_POINT ( 'NONE',  ( 0.07999999932944780456, 0.0000000000000000000, -0.08000000000000000167 ) ) ;
#1195 = CARTESIAN_POINT ( 'NONE',  ( -0.04999999854713679803, 0.06801776695296636588, 0.05249999899417159832 ) ) ;
#1196 = EDGE_CURVE ( 'NONE', #1404, #265, #275, .T. ) ;
#1197 = EDGE_CURVE ( 'NONE', #1921, #307, #2110, .T. ) ;
#1198 = SURFACE_SIDE_STYLE ('',( #728 ) ) ;
#1199 = EDGE_CURVE ( 'NONE', #550, #2591, #2475, .T. ) ;
#1200 = VERTEX_POINT ( 'NONE', #304 ) ;
#1201 = CARTESIAN_POINT ( 'NONE',  ( 0.08499999798834320663, 0.06500000000000000222, 0.0000000000000000000 ) ) ;
#1202 = CARTESIAN_POINT ( 'NONE',  ( 0.08999999999999999667, 0.05999999999999999778, 0.08000000000000000167 ) ) ;
#1203 = ORIENTED_EDGE ( 'NONE', *, *, #552, .F. ) ;
#1204 = FILL_AREA_STYLE ('',( #2140 ) ) ;
#1205 =( NAMED_UNIT ( * ) PLANE_ANGLE_UNIT ( ) SI_UNIT ( $, .RADIAN. ) );
#1206 = CARTESIAN_POINT ( 'NONE',  ( -0.06499999854713679748, 0.06875000000000000555, 0.05249999899417161220 ) ) ;
#1207 = EDGE_LOOP ( 'NONE', ( #1115, #1307, #1240, #1248 ) ) ;
#1208 = ORIENTED_EDGE ( 'NONE', *, *, #2098, .T. ) ;
#1209 = FACE_OUTER_BOUND ( 'NONE', #1802, .T. ) ;
#1210 = DIRECTION ( 'NONE',  ( 0.0000000000000000000, -1.000000000000000000, 0.0000000000000000000 ) ) ;
#1211 = EDGE_CURVE ( 'NONE', #2594, #1799, #1892, .T. ) ;
#1212 = EDGE_LOOP ( 'NONE', ( #2522, #412, #1981, #1457 ) ) ;
#1213 = VERTEX_POINT ( 'NONE', #61 ) ;
#1214 = VECTOR ( 'NONE', #2303, 100.0000000000000000 ) ;
#1215 = ORIENTED_EDGE ( 'NONE', *, *, #156, .F. ) ;
#1216 = CARTESIAN_POINT ( 'NONE',  ( -0.07749999854713676695, 0.06750000000000000444, 0.05124999899417159027 ) ) ;
#1217 = DIRECTION ( 'NONE',  ( 0.0000000000000000000, 0.0000000000000000000, 1.000000000000000000 ) ) ;
#1218 = PRESENTATION_LAYER_ASSIGNMENT (  '', '', ( #1998 ) ) ;
#1219 = VECTOR ( 'NONE', #209, 100.0000000000000000 ) ;
#1220 = AXIS2_PLACEMENT_3D ( 'NONE', #1800, #2425, #1262 ) ;
#1221 = CARTESIAN_POINT ( 'NONE',  ( -0.06499999854713679748, 0.06875000000000000555, 0.03749999899417159194 ) ) ;
#1222 = AXIS2_PLACEMENT_3D ( 'NONE', #449, #817, #211 ) ;
#1223 = VECTOR ( 'NONE', #994, 100.0000000000000000 ) ;
#1224 = PLANE ( 'NONE',  #2027 ) ;
#1225 = EDGE_CURVE ( 'NONE', #2459, #2512, #1322, .T. ) ;
#1226 = PLANE ( 'NONE',  #2579 ) ;
#1227 = ORIENTED_EDGE ( 'NONE', *, *, #2469, .T. ) ;
#1228 = CARTESIAN_POINT ( 'NONE',  ( 0.08999999798834319720, 0.06500000000000000222, 0.06999999843537810240 ) ) ;
#1229 = EDGE_CURVE ( 'NONE', #1399, #792, #354, .T. ) ;
#1230 = DIRECTION ( 'NONE',  ( 0.0000000000000000000, 0.0000000000000000000, -1.000000000000000000 ) ) ;
#1231 = ORIENTED_EDGE ( 'NONE', *, *, #2089, .T. ) ;
#1232 = CARTESIAN_POINT ( 'NONE',  ( -0.08999999999999999667, 0.0000000000000000000, 0.08000000000000000167 ) ) ;
#1233 = CYLINDRICAL_SURFACE ( 'NONE', #131, 0.009999999999999982861 ) ;
#1234 = DIRECTION ( 'NONE',  ( -0.0000000000000000000, -1.000000000000000000, -0.0000000000000000000 ) ) ;
#1235 = DIRECTION ( 'NONE',  ( 0.0000000000000000000, 0.0000000000000000000, 1.000000000000000000 ) ) ;
#1236 = CARTESIAN_POINT ( 'NONE',  ( -0.1000000000000000056, 0.02999999999999999889, 0.08000000000000000167 ) ) ;
#1237 = EDGE_LOOP ( 'NONE', ( #1893, #1467, #2273, #151 ) ) ;
#1238 =( LENGTH_UNIT ( ) NAMED_UNIT ( * ) SI_UNIT ( .CENTI., .METRE. ) );
#1239 = CARTESIAN_POINT ( 'NONE',  ( -0.06499999854713681136, 0.06749999999999999056, 0.05198223204120522994 ) ) ;
#1240 = ORIENTED_EDGE ( 'NONE', *, *, #1724, .F. ) ;
#1241 = CARTESIAN_POINT ( 'NONE',  ( 0.08999999798834319720, 0.05999999999999999778, -0.06499999843537809796 ) ) ;
#1242 = CARTESIAN_POINT ( 'NONE',  ( -0.1000000000000000056, 0.0000000000000000000, -0.07000000000000000666 ) ) ;
#1243 = DIRECTION ( 'NONE',  ( 0.0000000000000000000, 0.0000000000000000000, 1.000000000000000000 ) ) ;
#1244 = LINE ( 'NONE', #2007, #1587 ) ;
#1245 = CARTESIAN_POINT ( 'NONE',  ( 0.08999999999999999667, -0.0001000000000000000183, -0.08000000000000000167 ) ) ;
#1246 = DIRECTION ( 'NONE',  ( 0.0000000000000000000, 0.0000000000000000000, -1.000000000000000000 ) ) ;
#1247 = AXIS2_PLACEMENT_3D ( 'NONE', #1031, #911, #2482 ) ;
#1248 = ORIENTED_EDGE ( 'NONE', *, *, #839, .F. ) ;
#1249 = CIRCLE ( 'NONE', #475, 0.01000000000000000541 ) ;
#1250 = VERTEX_POINT ( 'NONE', #1099 ) ;
#1251 = DIRECTION ( 'NONE',  ( -0.0000000000000000000, 1.000000000000000000, -0.0000000000000000000 ) ) ;
#1252 = DIRECTION ( 'NONE',  ( 0.0000000000000000000, 0.0000000000000000000, 1.000000000000000000 ) ) ;
#1253 = CARTESIAN_POINT ( 'NONE',  ( -0.08499999798834320663, 0.06500000000000000222, 0.05999999843537810046 ) ) ;
#1254 = AXIS2_PLACEMENT_3D ( 'NONE', #796, #2195, #400 ) ;
#1255 = LINE ( 'NONE', #233, #482 ) ;
#1256 = EDGE_CURVE ( 'NONE', #2500, #1909, #256, .T. ) ;
#1257 = CARTESIAN_POINT ( 'NONE',  ( -0.05999999865889549949, 0.0000000000000000000, -0.08000000000000000167 ) ) ;
#1258 = PRESENTATION_STYLE_ASSIGNMENT (( #439 ) ) ;
#1259 = AXIS2_PLACEMENT_3D ( 'NONE', #1125, #950, #1533 ) ;
#1260 = VECTOR ( 'NONE', #2549, 100.0000000000000000 ) ;
#1261 = COLOUR_RGB ( '',0.8156862745098039102, 0.8156862745098039102, 0.8156862745098039102 ) ;
#1262 = DIRECTION ( 'NONE',  ( 0.0000000000000000000, 0.0000000000000000000, 1.000000000000000000 ) ) ;
#1263 = AXIS2_PLACEMENT_3D ( 'NONE', #621, #1251, #23 ) ;
#1264 = EDGE_LOOP ( 'NONE', ( #129, #1958, #2576, #1276 ) ) ;
#1265 = ORIENTED_EDGE ( 'NONE', *, *, #2182, .F. ) ;
#1266 = DIRECTION ( 'NONE',  ( 0.0000000000000000000, 1.000000000000000000, 0.0000000000000000000 ) ) ;
#1267 = FACE_OUTER_BOUND ( 'NONE', #2010, .T. ) ;
#1268 = EDGE_CURVE ( 'NONE', #774, #335, #1086, .T. ) ;
#1269 = ADVANCED_FACE ( 'NONE', ( #2560 ), #1940, .T. ) ;
#1270 = DIRECTION ( 'NONE',  ( 0.0000000000000000000, 1.000000000000000000, 0.0000000000000000000 ) ) ;
#1271 = LINE ( 'NONE', #684, #871 ) ;
#1272 = SURFACE_STYLE_USAGE ( .BOTH. , #1463 ) ;
#1273 = SURFACE_SIDE_STYLE ('',( #406 ) ) ;
#1274 = ORIENTED_EDGE ( 'NONE', *, *, #584, .T. ) ;
#1275 = CARTESIAN_POINT ( 'NONE',  ( -0.08499999798834320663, 0.05999999999999999778, 0.06499999843537809796 ) ) ;
#1276 = ORIENTED_EDGE ( 'NONE', *, *, #461, .F. ) ;
#1277 = CARTESIAN_POINT ( 'NONE',  ( 0.08999999999999999667, 0.02999999999999999889, 0.08000000000000000167 ) ) ;
#1278 = SURFACE_STYLE_FILL_AREA ( #24 ) ;
#1279 = ORIENTED_EDGE ( 'NONE', *, *, #2416, .T. ) ;
#1280 = SURFACE_SIDE_STYLE ('',( #458 ) ) ;
#1281 = CARTESIAN_POINT ( 'NONE',  ( 0.07999999932944780456, 0.0000000000000000000, 0.04999999977648259680 ) ) ;
#1282 = LINE ( 'NONE', #890, #309 ) ;
#1283 =( BOUNDED_CURVE ( )  B_SPLINE_CURVE ( 3, ( #820, #1013, #831, #1821 ),
 .UNSPECIFIED., .F., .T. ) 
 B_SPLINE_CURVE_WITH_KNOTS ( ( 4, 4 ),
 ( 0.2500000000000000000, 0.7500000000000000000 ),
 .UNSPECIFIED. ) 
 CURVE ( )  GEOMETRIC_REPRESENTATION_ITEM ( )  RATIONAL_B_SPLINE_CURVE ( ( 1.000000000000000000, 0.3333333333333333703, 0.3333333333333333703, 1.000000000000000000 ) ) 
 REPRESENTATION_ITEM ( '' )  );
#1284 = DIRECTION ( 'NONE',  ( -1.000000000000000000, 0.0000000000000000000, -0.0000000000000000000 ) ) ;
#1285 = CARTESIAN_POINT ( 'NONE',  ( -0.08999999999999999667, 0.05999999999999999778, -0.08000000000000000167 ) ) ;
#1286 = ADVANCED_FACE ( 'NONE', ( #2337 ), #2146, .F. ) ;
#1287 = EDGE_LOOP ( 'NONE', ( #1924, #498, #485, #2016 ) ) ;
#1288 = ORIENTED_EDGE ( 'NONE', *, *, #77, .F. ) ;
#1289 = SURFACE_STYLE_FILL_AREA ( #467 ) ;
#1290 = AXIS2_PLACEMENT_3D ( 'NONE', #572, #753, #1720 ) ;
#1291 = DIRECTION ( 'NONE',  ( -0.0000000000000000000, -1.000000000000000000, -0.0000000000000000000 ) ) ;
#1292 =( LENGTH_UNIT ( ) NAMED_UNIT ( * ) SI_UNIT ( .CENTI., .METRE. ) );
#1293 = LINE ( 'NONE', #1702, #2080 ) ;
#1294 = AXIS2_PLACEMENT_3D ( 'NONE', #874, #916, #2086 ) ;
#1295 = CARTESIAN_POINT ( 'NONE',  ( 0.08499999798834320663, 0.05999999999999999778, 0.06999999843537810240 ) ) ;
#1296 =( GEOMETRIC_REPRESENTATION_CONTEXT ( 3 ) GLOBAL_UNCERTAINTY_ASSIGNED_CONTEXT ( ( #1309 ) ) GLOBAL_UNIT_ASSIGNED_CONTEXT ( ( #255, #2054, #1514 ) ) REPRESENTATION_CONTEXT ( 'NONE', 'WORKASPACE' ) );
#1297 = AXIS2_PLACEMENT_3D ( 'NONE', #2293, #1095, #1684 ) ;
#1298 =( GEOMETRIC_REPRESENTATION_CONTEXT ( 3 ) GLOBAL_UNCERTAINTY_ASSIGNED_CONTEXT ( ( #2224 ) ) GLOBAL_UNIT_ASSIGNED_CONTEXT ( ( #1329, #558, #1931 ) ) REPRESENTATION_CONTEXT ( 'NONE', 'WORKASPACE' ) );
#1299 = DIRECTION ( 'NONE',  ( 0.0000000000000000000, 0.0000000000000000000, 1.000000000000000000 ) ) ;
#1300 = AXIS2_PLACEMENT_3D ( 'NONE', #26, #1291, #2464 ) ;
#1301 = VECTOR ( 'NONE', #744, 100.0000000000000000 ) ;
#1302 = EDGE_CURVE ( 'NONE', #346, #1213, #1911, .T. ) ;
#1303 = MECHANICAL_DESIGN_GEOMETRIC_PRESENTATION_REPRESENTATION (  '', ( #2406 ), #1185 ) ;
#1304 = ORIENTED_EDGE ( 'NONE', *, *, #480, .F. ) ;
#1305 = DIRECTION ( 'NONE',  ( -1.000000000000000000, 0.0000000000000000000, -2.312964634635739999E-16 ) ) ;
#1306 = VECTOR ( 'NONE', #1726, 100.0000000000000000 ) ;
#1307 = ORIENTED_EDGE ( 'NONE', *, *, #1196, .T. ) ;
#1308 = FACE_OUTER_BOUND ( 'NONE', #2433, .T. ) ;
#1309 = UNCERTAINTY_MEASURE_WITH_UNIT (LENGTH_MEASURE( 1.000000000000000082E-05 ), #255, 'distance_accuracy_value', 'NONE');
#1310 = VERTEX_POINT ( 'NONE', #2398 ) ;
#1311 = DIRECTION ( 'NONE',  ( -0.0000000000000000000, 1.000000000000000000, 0.0000000000000000000 ) ) ;
#1312 = CARTESIAN_POINT ( 'NONE',  ( -0.07999999798834320219, 0.07000000000000000666, 0.06499999843537811184 ) ) ;
#1313 = FILL_AREA_STYLE_COLOUR ( '', #659 ) ;
#1314 = ORIENTED_EDGE ( 'NONE', *, *, #318, .T. ) ;
#1315 = DIRECTION ( 'NONE',  ( -0.0000000000000000000, -1.000000000000000000, -0.0000000000000000000 ) ) ;
#1316 = VERTEX_POINT ( 'NONE', #822 ) ;
#1317 = FILL_AREA_STYLE ('',( #2302 ) ) ;
#1318 = DIRECTION ( 'NONE',  ( 0.0000000000000000000, -1.000000000000000000, 0.0000000000000000000 ) ) ;
#1319 = CARTESIAN_POINT ( 'NONE',  ( 0.0000000000000000000, 0.02999999999999999889, -0.08000000000000000167 ) ) ;
#1320 = DIRECTION ( 'NONE',  ( 3.469446835631340056E-16, 0.0000000000000000000, 1.000000000000000000 ) ) ;
#1321 = DIRECTION ( 'NONE',  ( 0.0000000000000000000, 1.000000000000000000, -0.0000000000000000000 ) ) ;
#1322 = LINE ( 'NONE', #1916, #1749 ) ;
#1323 = ORIENTED_EDGE ( 'NONE', *, *, #2281, .T. ) ;
#1324 = DIRECTION ( 'NONE',  ( -0.0000000000000000000, -1.000000000000000000, -0.0000000000000000000 ) ) ;
#1325 = ORIENTED_EDGE ( 'NONE', *, *, #127, .T. ) ;
#1326 = PLANE ( 'NONE',  #884 ) ;
#1327 = CARTESIAN_POINT ( 'NONE',  ( -0.05999999865889549949, 0.0000000000000000000, 0.01999999955296519888 ) ) ;
#1328 = SURFACE_STYLE_FILL_AREA ( #2506 ) ;
#1329 =( LENGTH_UNIT ( ) NAMED_UNIT ( * ) SI_UNIT ( .CENTI., .METRE. ) );
#1330 = MECHANICAL_DESIGN_GEOMETRIC_PRESENTATION_REPRESENTATION (  '', ( #1701 ), #698 ) ;
#1331 = EDGE_CURVE ( 'NONE', #2594, #290, #1070, .T. ) ;
#1332 = DIRECTION ( 'NONE',  ( 1.000000000000000000, 0.0000000000000000000, -3.469446835631340056E-16 ) ) ;
#1333 = AXIS2_PLACEMENT_3D ( 'NONE', #2599, #384, #1811 ) ;
#1334 = AXIS2_PLACEMENT_3D ( 'NONE', #1484, #1889, #1682 ) ;
#1335 = CARTESIAN_POINT ( 'NONE',  ( -0.08499999798834320663, 0.05999999999999999778, -0.06499999843537809796 ) ) ;
#1336 = AXIS2_PLACEMENT_3D ( 'NONE', #904, #1697, #35 ) ;
#1337 = ORIENTED_EDGE ( 'NONE', *, *, #1343, .F. ) ;
#1338 = FILL_AREA_STYLE_COLOUR ( '', #348 ) ;
#1339 = PRESENTATION_LAYER_ASSIGNMENT (  '', '', ( #1756 ) ) ;
#1340 = ORIENTED_EDGE ( 'NONE', *, *, #2121, .F. ) ;
#1341 = CARTESIAN_POINT ( 'NONE',  ( -0.1000000000000000056, 0.02999999999999999889, -0.07000000000000002054 ) ) ;
#1342 = DIRECTION ( 'NONE',  ( 0.0000000000000000000, 1.000000000000000000, 0.0000000000000000000 ) ) ;
#1343 = EDGE_CURVE ( 'NONE', #1045, #1804, #220, .T. ) ;
#1344 = SURFACE_STYLE_USAGE ( .BOTH. , #1198 ) ;
#1345 = EDGE_CURVE ( 'NONE', #776, #1427, #401, .T. ) ;
#1346 = CARTESIAN_POINT ( 'NONE',  ( 0.1000000000000000056, 0.02999999999999999889, -0.07000000000000000666 ) ) ;
#1347 = LINE ( 'NONE', #576, #1867 ) ;
#1348 = EDGE_CURVE ( 'NONE', #2240, #1835, #2235, .T. ) ;
#1349 = EDGE_LOOP ( 'NONE', ( #893, #1114, #116, #466 ) ) ;
#1350 = EDGE_LOOP ( 'NONE', ( #1495, #278, #2056, #855 ) ) ;
#1351 = LINE ( 'NONE', #1194, #666 ) ;
#1352 = SURFACE_STYLE_USAGE ( .BOTH. , #2309 ) ;
#1353 = UNCERTAINTY_MEASURE_WITH_UNIT (LENGTH_MEASURE( 1.000000000000000082E-05 ), #1033, 'distance_accuracy_value', 'NONE');
#1354 = ORIENTED_EDGE ( 'NONE', *, *, #833, .T. ) ;
#1355 =( NAMED_UNIT ( * ) SI_UNIT ( $, .STERADIAN. ) SOLID_ANGLE_UNIT ( ) );
#1356 = FACE_OUTER_BOUND ( 'NONE', #2258, .T. ) ;
#1357 =( NAMED_UNIT ( * ) SI_UNIT ( $, .STERADIAN. ) SOLID_ANGLE_UNIT ( ) );
#1358 = CARTESIAN_POINT ( 'NONE',  ( -0.08249999854713679914, 0.07000000000000002054, 0.05374999899417159943 ) ) ;
#1359 = ORIENTED_EDGE ( 'NONE', *, *, #258, .F. ) ;
#1360 = EDGE_CURVE ( 'NONE', #241, #420, #2196, .T. ) ;
#1361 = DIRECTION ( 'NONE',  ( 0.0000000000000000000, 1.000000000000000000, 0.0000000000000000000 ) ) ;
#1362 = LINE ( 'NONE', #101, #1380 ) ;
#1363 = ORIENTED_EDGE ( 'NONE', *, *, #1197, .F. ) ;
#1364 = CARTESIAN_POINT ( 'NONE',  ( -0.08999999798834319720, 0.05999999999999999778, 0.06999999843537810240 ) ) ;
#1365 = CARTESIAN_POINT ( 'NONE',  ( 0.07999999798834320219, 0.06500000000000000222, -0.05999999843537810046 ) ) ;
#1366 = DIRECTION ( 'NONE',  ( 0.0000000000000000000, 0.0000000000000000000, -1.000000000000000000 ) ) ;
#1367 = CARTESIAN_POINT ( 'NONE',  ( -0.07999999932944780456, -0.0001000000000000000183, -0.05000000000000000278 ) ) ;
#1368 = DIRECTION ( 'NONE',  ( 0.0000000000000000000, 0.0000000000000000000, 1.000000000000000000 ) ) ;
#1369 = ORIENTED_EDGE ( 'NONE', *, *, #2018, .T. ) ;
#1370 = CARTESIAN_POINT ( 'NONE',  ( 0.07999999798834320219, 0.07000000000000000666, -0.06499999843537811184 ) ) ;
#1371 = STYLED_ITEM ( 'NONE', ( #180 ), #1286 ) ;
#1372 = PRESENTATION_STYLE_ASSIGNMENT (( #1583 ) ) ;
#1373 = EDGE_CURVE ( 'NONE', #2444, #1175, #260, .T. ) ;
#1374 = COLOUR_RGB ( '',0.9529411764705881804, 0.8980392156862745390, 0.6549019607843137303 ) ;
#1375 = VERTEX_POINT ( 'NONE', #2414 ) ;
#1376 = CARTESIAN_POINT ( 'NONE',  ( 0.1000000000000000056, 0.0000000000000000000, -0.07000000000000000666 ) ) ;
#1377 = VECTOR ( 'NONE', #1401, 100.0000000000000000 ) ;
#1378 =( GEOMETRIC_REPRESENTATION_CONTEXT ( 3 ) GLOBAL_UNCERTAINTY_ASSIGNED_CONTEXT ( ( #2102 ) ) GLOBAL_UNIT_ASSIGNED_CONTEXT ( ( #2513, #579, #2366 ) ) REPRESENTATION_CONTEXT ( 'NONE', 'WORKASPACE' ) );
#1379 = VERTEX_POINT ( 'NONE', #217 ) ;
#1380 = VECTOR ( 'NONE', #2502, 100.0000000000000000 ) ;
#1381 = FILL_AREA_STYLE ('',( #371 ) ) ;
#1382 = LINE ( 'NONE', #2346, #1994 ) ;
#1383 =( NAMED_UNIT ( * ) SI_UNIT ( $, .STERADIAN. ) SOLID_ANGLE_UNIT ( ) );
#1384 = VECTOR ( 'NONE', #554, 100.0000000000000000 ) ;
#1385 = ORIENTED_EDGE ( 'NONE', *, *, #229, .T. ) ;
#1386 = CARTESIAN_POINT ( 'NONE',  ( -0.07999999798834320219, 0.07000000000000000666, -0.06499999843537809796 ) ) ;
#1387 = EDGE_LOOP ( 'NONE', ( #1895, #1852, #2404, #36 ) ) ;
#1388 = CARTESIAN_POINT ( 'NONE',  ( -0.09000000000000001055, 0.0000000000000000000, -0.08000000000000000167 ) ) ;
#1389 = EDGE_CURVE ( 'NONE', #1175, #1375, #2015, .T. ) ;
#1390 = CARTESIAN_POINT ( 'NONE',  ( -0.05249999854713681413, 0.06750000000000000444, 0.03874999899417160693 ) ) ;
#1391 = ORIENTED_EDGE ( 'NONE', *, *, #2180, .F. ) ;
#1392 = CARTESIAN_POINT ( 'NONE',  ( -0.08499999798834320663, 0.07000000000000000666, 0.05999999843537810046 ) ) ;
#1393 = ADVANCED_FACE ( 'NONE', ( #2589 ), #1798, .F. ) ;
#1394 = CARTESIAN_POINT ( 'NONE',  ( 0.0000000000000000000, 0.06500000000000000222, 0.0000000000000000000 ) ) ;
#1395 = FACE_OUTER_BOUND ( 'NONE', #2261, .T. ) ;
#1396 = SURFACE_STYLE_FILL_AREA ( #1655 ) ;
#1397 = ORIENTED_EDGE ( 'NONE', *, *, #1919, .F. ) ;
#1398 = SURFACE_SIDE_STYLE ('',( #387 ) ) ;
#1399 = VERTEX_POINT ( 'NONE', #625 ) ;
#1400 = CARTESIAN_POINT ( 'NONE',  ( -0.04999999854713678415, 0.06875000000000000555, 0.03749999899417158500 ) ) ;
#1401 = DIRECTION ( 'NONE',  ( 0.0000000000000000000, 1.000000000000000000, -0.0000000000000000000 ) ) ;
#1402 = ORIENTED_EDGE ( 'NONE', *, *, #1164, .T. ) ;
#1403 = DIRECTION ( 'NONE',  ( -0.0000000000000000000, -1.000000000000000000, -0.0000000000000000000 ) ) ;
#1404 = VERTEX_POINT ( 'NONE', #811 ) ;
#1405 = DIRECTION ( 'NONE',  ( -1.000000000000000000, -0.0000000000000000000, -0.0000000000000000000 ) ) ;
#1406 = EDGE_LOOP ( 'NONE', ( #1866, #71, #751, #1274 ) ) ;
#1407 = AXIS2_PLACEMENT_3D ( 'NONE', #1365, #120, #135 ) ;
#1408 = DIRECTION ( 'NONE',  ( 0.0000000000000000000, 0.0000000000000000000, 1.000000000000000000 ) ) ;
#1409 = VERTEX_POINT ( 'NONE', #1245 ) ;
#1410 = AXIS2_PLACEMENT_3D ( 'NONE', #1823, #436, #1641 ) ;
#1411 = DIRECTION ( 'NONE',  ( 1.000000000000000000, 0.0000000000000000000, 3.469446835631340056E-16 ) ) ;
#1412 = AXIS2_PLACEMENT_3D ( 'NONE', #957, #2532, #760 ) ;
#1413 =( LENGTH_UNIT ( ) NAMED_UNIT ( * ) SI_UNIT ( .CENTI., .METRE. ) );
#1414 = CARTESIAN_POINT ( 'NONE',  ( -0.05999999865889549949, -0.0001000000000000000183, -0.08000000000000000167 ) ) ;
#1415 = STYLED_ITEM ( 'NONE', ( #679 ), #1723 ) ;
#1416 = CYLINDRICAL_SURFACE ( 'NONE', #1459, 0.005000000000000002706 ) ;
#1417 = AXIS2_PLACEMENT_3D ( 'NONE', #841, #2257, #32 ) ;
#1418 = AXIS2_PLACEMENT_3D ( 'NONE', #2142, #1144, #925 ) ;
#1420 = VERTEX_POINT ( 'NONE', #1603 ) ;
#1419 = AXIS2_PLACEMENT_3D ( 'NONE', #655, #2043, #602 ) ;
#1421 = ADVANCED_FACE ( 'NONE', ( #2026 ), #1642, .F. ) ;
#1422 = LINE ( 'NONE', #1781, #2401 ) ;
#1423 = DIRECTION ( 'NONE',  ( -0.0000000000000000000, 1.000000000000000000, -0.0000000000000000000 ) ) ;
#1424 = STYLED_ITEM ( 'NONE', ( #2499 ), #2321 ) ;
#1425 = CARTESIAN_POINT ( 'NONE',  ( -0.05999999865889549949, -0.0001000000000000000183, -0.02000000000000000042 ) ) ;
#1426 = ADVANCED_FACE ( 'NONE', ( #287 ), #1704, .F. ) ;
#1427 = VERTEX_POINT ( 'NONE', #492 ) ;
#1428 =( NAMED_UNIT ( * ) PLANE_ANGLE_UNIT ( ) SI_UNIT ( $, .RADIAN. ) );
#1429 = CARTESIAN_POINT ( 'NONE',  ( -0.06499999854713679748, 0.06750000000000000444, 0.03874999899417160693 ) ) ;
#1430 = CARTESIAN_POINT ( 'NONE',  ( 0.1000000000000000056, 0.0000000000000000000, 0.08000000000000000167 ) ) ;
#1431 = DIRECTION ( 'NONE',  ( 1.000000000000000000, 0.0000000000000000000, 3.469446835631340056E-16 ) ) ;
#1432 =( LENGTH_UNIT ( ) NAMED_UNIT ( * ) SI_UNIT ( .CENTI., .METRE. ) );
#1433 = ORIENTED_EDGE ( 'NONE', *, *, #2035, .F. ) ;
#1434 = CARTESIAN_POINT ( 'NONE',  ( 0.1000000000000000056, 0.0000000000000000000, -0.07000000000000000666 ) ) ;
#1435 = DIRECTION ( 'NONE',  ( -2.312964634635739999E-16, 0.0000000000000000000, 1.000000000000000000 ) ) ;
#1436 = EDGE_CURVE ( 'NONE', #1375, #2165, #69, .T. ) ;
#1437 = ORIENTED_EDGE ( 'NONE', *, *, #2253, .F. ) ;
#1438 = DIRECTION ( 'NONE',  ( 0.0000000000000000000, 0.0000000000000000000, 1.000000000000000000 ) ) ;
#1439 = LINE ( 'NONE', #2228, #2206 ) ;
#1440 = ORIENTED_EDGE ( 'NONE', *, *, #999, .F. ) ;
#1441 = SURFACE_SIDE_STYLE ('',( #1453 ) ) ;
#1442 = DIRECTION ( 'NONE',  ( -0.0000000000000000000, -1.000000000000000000, -0.0000000000000000000 ) ) ;
#1443 = ORIENTED_EDGE ( 'NONE', *, *, #2215, .F. ) ;
#1444 = CARTESIAN_POINT ( 'NONE',  ( -0.06499999854713679748, 0.06750000000000000444, 0.03874999899417159999 ) ) ;
#1445 = CARTESIAN_POINT ( 'NONE',  ( 0.08499999798834320663, 0.06500000000000000222, 0.06499999843537809796 ) ) ;
#1446 = UNCERTAINTY_MEASURE_WITH_UNIT (LENGTH_MEASURE( 1.000000000000000082E-05 ), #1292, 'distance_accuracy_value', 'NONE');
#1447 = SURFACE_STYLE_FILL_AREA ( #636 ) ;
#1448 = FACE_OUTER_BOUND ( 'NONE', #689, .T. ) ;
#1449 = VERTEX_POINT ( 'NONE', #1312 ) ;
#1450 =( NAMED_UNIT ( * ) SI_UNIT ( $, .STERADIAN. ) SOLID_ANGLE_UNIT ( ) );
#1451 = EDGE_CURVE ( 'NONE', #2407, #2240, #1476, .T. ) ;
#1452 = VERTEX_POINT ( 'NONE', #1877 ) ;
#1453 = SURFACE_STYLE_FILL_AREA ( #2219 ) ;
#1454 = CARTESIAN_POINT ( 'NONE',  ( 0.05999999865889549949, -0.0001000000000000000183, 0.07999999999999998779 ) ) ;
#1455 = ADVANCED_FACE ( 'NONE', ( #300 ), #1111, .T. ) ;
#1456 = VECTOR ( 'NONE', #243, 100.0000000000000000 ) ;
#1457 = ORIENTED_EDGE ( 'NONE', *, *, #1436, .F. ) ;
#1458 = DIRECTION ( 'NONE',  ( -0.0000000000000000000, -1.000000000000000000, 0.0000000000000000000 ) ) ;
#1459 = AXIS2_PLACEMENT_3D ( 'NONE', #711, #2050, #2432 ) ;
#1460 = CARTESIAN_POINT ( 'NONE',  ( 0.1000000000000000056, 0.0000000000000000000, 0.08000000000000000167 ) ) ;
#1461 = DIRECTION ( 'NONE',  ( 0.0000000000000000000, 0.0000000000000000000, 1.000000000000000000 ) ) ;
#1462 = CIRCLE ( 'NONE', #132, 0.01000000000000000541 ) ;
#1463 = SURFACE_SIDE_STYLE ('',( #1098 ) ) ;
#1464 = COLOUR_RGB ( '',0.8156862745098039102, 0.8156862745098039102, 0.8156862745098039102 ) ;
#1465 = DIRECTION ( 'NONE',  ( 0.0000000000000000000, -1.000000000000000000, 0.0000000000000000000 ) ) ;
#1466 = VECTOR ( 'NONE', #2494, 100.0000000000000000 ) ;
#1467 = ORIENTED_EDGE ( 'NONE', *, *, #2593, .F. ) ;
#1468 = DIRECTION ( 'NONE',  ( 1.000000000000000000, 0.0000000000000000000, 0.0000000000000000000 ) ) ;
#1469 = ORIENTED_EDGE ( 'NONE', *, *, #1199, .T. ) ;
#1470 = FACE_OUTER_BOUND ( 'NONE', #1102, .T. ) ;
#1471 = EDGE_CURVE ( 'NONE', #2125, #2283, #1271, .T. ) ;
#1472 = LINE ( 'NONE', #1699, #1174 ) ;
#1473 = DIRECTION ( 'NONE',  ( -0.0000000000000000000, -1.000000000000000000, -0.0000000000000000000 ) ) ;
#1474 = VERTEX_POINT ( 'NONE', #460 ) ;
#1475 = CARTESIAN_POINT ( 'NONE',  ( 0.08999999999999999667, 0.0000000000000000000, -0.08000000000000000167 ) ) ;
#1476 = LINE ( 'NONE', #713, #1009 ) ;
#1477 = DIRECTION ( 'NONE',  ( -1.000000000000000000, 0.0000000000000000000, -0.0000000000000000000 ) ) ;
#1478 = DIRECTION ( 'NONE',  ( 0.0000000000000000000, 0.0000000000000000000, 1.000000000000000000 ) ) ;
#1479 = ORIENTED_EDGE ( 'NONE', *, *, #1742, .F. ) ;
#1480 = LINE ( 'NONE', #641, #657 ) ;
#1481 = ORIENTED_EDGE ( 'NONE', *, *, #368, .T. ) ;
#1482 =( NAMED_UNIT ( * ) PLANE_ANGLE_UNIT ( ) SI_UNIT ( $, .RADIAN. ) );
#1483 = SURFACE_SIDE_STYLE ('',( #2600 ) ) ;
#1484 = CARTESIAN_POINT ( 'NONE',  ( -0.1000000000000000056, 0.0000000000000000000, 0.08000000000000000167 ) ) ;
#1485 = DIRECTION ( 'NONE',  ( 0.0000000000000000000, 1.000000000000000000, 0.0000000000000000000 ) ) ;
#1486 = EDGE_CURVE ( 'NONE', #1169, #785, #1282, .T. ) ;
#1487 = CARTESIAN_POINT ( 'NONE',  ( 0.1000000000000000056, 0.02999999999999999889, 0.08000000000000000167 ) ) ;
#1488 = EDGE_CURVE ( 'NONE', #386, #731, #1120, .T. ) ;
#1489 = ORIENTED_EDGE ( 'NONE', *, *, #1180, .T. ) ;
#1490 = DIRECTION ( 'NONE',  ( 0.0000000000000000000, 0.0000000000000000000, 1.000000000000000000 ) ) ;
#1491 = ORIENTED_EDGE ( 'NONE', *, *, #31, .F. ) ;
#1492 = CARTESIAN_POINT ( 'NONE',  ( -0.08999999798834319720, 0.06500000000000000222, -0.06999999843537810240 ) ) ;
#1493 = PLANE ( 'NONE',  #306 ) ;
#1494 = CARTESIAN_POINT ( 'NONE',  ( 0.08999999798834321107, 0.05999999999999999778, 0.06499999843537809796 ) ) ;
#1495 = ORIENTED_EDGE ( 'NONE', *, *, #680, .T. ) ;
#1496 = CARTESIAN_POINT ( 'NONE',  ( -0.08499999798834320663, 0.06500000000000000222, 0.06999999843537810240 ) ) ;
#1497 = CARTESIAN_POINT ( 'NONE',  ( 0.08499999798834320663, 0.05999999999999999778, -0.06999999843537810240 ) ) ;
#1498 = AXIS2_PLACEMENT_3D ( 'NONE', #2120, #355, #1525 ) ;
#1499 = DIRECTION ( 'NONE',  ( 0.0000000000000000000, 0.0000000000000000000, 1.000000000000000000 ) ) ;
#1500 = COLOUR_RGB ( '',0.9529411764705881804, 0.8980392156862745390, 0.6549019607843137303 ) ;
#1501 = DIRECTION ( 'NONE',  ( 0.0000000000000000000, -0.0000000000000000000, 1.000000000000000000 ) ) ;
#1502 = PLANE ( 'NONE',  #1834 ) ;
#1503 = VECTOR ( 'NONE', #239, 100.0000000000000000 ) ;
#1504 = ORIENTED_EDGE ( 'NONE', *, *, #1373, .F. ) ;
#1505 =( GEOMETRIC_REPRESENTATION_CONTEXT ( 3 ) GLOBAL_UNCERTAINTY_ASSIGNED_CONTEXT ( ( #2152 ) ) GLOBAL_UNIT_ASSIGNED_CONTEXT ( ( #2066, #932, #686 ) ) REPRESENTATION_CONTEXT ( 'NONE', 'WORKASPACE' ) );
#1506 = EDGE_CURVE ( 'NONE', #731, #1183, #1083, .T. ) ;
#1507 = AXIS2_PLACEMENT_3D ( 'NONE', #664, #1049, #1090 ) ;
#1508 = VERTEX_POINT ( 'NONE', #1512 ) ;
#1509 = DIRECTION ( 'NONE',  ( 0.0000000000000000000, -0.0000000000000000000, -1.000000000000000000 ) ) ;
#1510 = SURFACE_STYLE_USAGE ( .BOTH. , #2289 ) ;
#1511 = UNCERTAINTY_MEASURE_WITH_UNIT (LENGTH_MEASURE( 1.000000000000000082E-05 ), #1064, 'distance_accuracy_value', 'NONE');
#1512 = CARTESIAN_POINT ( 'NONE',  ( -0.1000000000000000056, 0.0000000000000000000, -0.07000000000000000666 ) ) ;
#1513 = CARTESIAN_POINT ( 'NONE',  ( -0.06499999854713681136, 0.06801776695296636588, 0.05249999899417160526 ) ) ;
#1514 =( NAMED_UNIT ( * ) SI_UNIT ( $, .STERADIAN. ) SOLID_ANGLE_UNIT ( ) );
#1515 = CARTESIAN_POINT ( 'NONE',  ( -0.1000000000000000056, 0.02999999999999999889, -0.08000000000000000167 ) ) ;
#1516 = VERTEX_POINT ( 'NONE', #2278 ) ;
#1517 = CYLINDRICAL_SURFACE ( 'NONE', #2085, 0.005000000000000002706 ) ;
#1518 = EDGE_CURVE ( 'NONE', #2451, #1213, #473, .T. ) ;
#1519 = ORIENTED_EDGE ( 'NONE', *, *, #2367, .T. ) ;
#1520 = SURFACE_STYLE_USAGE ( .BOTH. , #1689 ) ;
#1521 = PLANE ( 'NONE',  #42 ) ;
#1522 = SURFACE_STYLE_FILL_AREA ( #937 ) ;
#1523 = ADVANCED_FACE ( 'NONE', ( #1912 ), #92, .T. ) ;
#1524 = DIRECTION ( 'NONE',  ( 0.0000000000000000000, 0.0000000000000000000, 1.000000000000000000 ) ) ;
#1525 = DIRECTION ( 'NONE',  ( 0.0000000000000000000, 0.0000000000000000000, 1.000000000000000000 ) ) ;
#1526 = FACE_OUTER_BOUND ( 'NONE', #408, .T. ) ;
#1527 = CARTESIAN_POINT ( 'NONE',  ( -0.06499999854713679748, 0.06875000000000000555, 0.05374999899417161331 ) ) ;
#1528 = VECTOR ( 'NONE', #781, 100.0000000000000000 ) ;
#1529 = ORIENTED_EDGE ( 'NONE', *, *, #2503, .T. ) ;
#1530 = EDGE_CURVE ( 'NONE', #22, #2459, #770, .T. ) ;
#1531 = VERTEX_POINT ( 'NONE', #1721 ) ;
#1532 = EDGE_CURVE ( 'NONE', #80, #774, #2324, .T. ) ;
#1533 = DIRECTION ( 'NONE',  ( 1.000000000000000000, 0.0000000000000000000, -0.0000000000000000000 ) ) ;
#1534 = UNCERTAINTY_MEASURE_WITH_UNIT (LENGTH_MEASURE( 1.000000000000000082E-05 ), #2112, 'distance_accuracy_value', 'NONE');
#1535 = EDGE_LOOP ( 'NONE', ( #251, #2118, #877, #1469 ) ) ;
#1536 = EDGE_CURVE ( 'NONE', #2058, #241, #1382, .T. ) ;
#1537 = FACE_BOUND ( 'NONE', #2543, .T. ) ;
#1538 = FACE_OUTER_BOUND ( 'NONE', #1905, .T. ) ;
#1539 = AXIS2_PLACEMENT_3D ( 'NONE', #1112, #1656, #1501 ) ;
#1540 = STYLED_ITEM ( 'NONE', ( #2021 ), #1059 ) ;
#1541 = EDGE_LOOP ( 'NONE', ( #2465, #1768, #993, #824 ) ) ;
#1542 = VECTOR ( 'NONE', #1040, 100.0000000000000000 ) ;
#1543 = PRODUCT ( '3948B7D7-539F-4C5B-AE0E-FDF19214647D', '3948B7D7-539F-4C5B-AE0E-FDF19214647D', '', ( #20 ) ) ;
#1544 = MECHANICAL_DESIGN_GEOMETRIC_PRESENTATION_REPRESENTATION (  '', ( #49 ), #2244 ) ;
#1545 = SURFACE_STYLE_FILL_AREA ( #2097 ) ;
#1546 = VECTOR ( 'NONE', #1791, 100.0000000000000000 ) ;
#1547 = ORIENTED_EDGE ( 'NONE', *, *, #1302, .F. ) ;
#1548 = CARTESIAN_POINT ( 'NONE',  ( -0.06499999854713681136, 0.06948223304703363135, 0.03749999899417158500 ) ) ;
#1549 = COLOUR_RGB ( '',0.8156862745098039102, 0.8156862745098039102, 0.8156862745098039102 ) ;
#1550 =( NAMED_UNIT ( * ) PLANE_ANGLE_UNIT ( ) SI_UNIT ( $, .RADIAN. ) );
#1551 = ADVANCED_FACE ( 'NONE', ( #373 ), #1577, .T. ) ;
#1552 = ORIENTED_EDGE ( 'NONE', *, *, #2503, .F. ) ;
#1553 = LINE ( 'NONE', #1760, #128 ) ;
#1554 = CARTESIAN_POINT ( 'NONE',  ( -0.05999999865889549949, -0.0001000000000000000183, 0.08000000000000000167 ) ) ;
#1555 = DIRECTION ( 'NONE',  ( 0.0000000000000000000, -0.0000000000000000000, 1.000000000000000000 ) ) ;
#1556 = ADVANCED_FACE ( 'NONE', ( #1745 ), #2526, .T. ) ;
#1557 = CARTESIAN_POINT ( 'NONE',  ( -0.07999999854713682468, 0.06801776695296636588, 0.03749999899417160582 ) ) ;
#1558 = CARTESIAN_POINT ( 'NONE',  ( -0.06499999854713681136, 0.06948223304703364522, 0.05249999899417161220 ) ) ;
#1559 = VERTEX_POINT ( 'NONE', #1147 ) ;
#1560 = CARTESIAN_POINT ( 'NONE',  ( 0.08999999999999999667, 0.0000000000000000000, -0.08000000000000000167 ) ) ;
#1561 =( NAMED_UNIT ( * ) SI_UNIT ( $, .STERADIAN. ) SOLID_ANGLE_UNIT ( ) );
#1562 = VERTEX_POINT ( 'NONE', #330 ) ;
#1563 = FILL_AREA_STYLE_COLOUR ( '', #975 ) ;
#1564 = DIRECTION ( 'NONE',  ( -0.0000000000000000000, 1.000000000000000000, -0.0000000000000000000 ) ) ;
#1565 = DIRECTION ( 'NONE',  ( 0.0000000000000000000, 0.0000000000000000000, 1.000000000000000000 ) ) ;
#1566 =( LENGTH_UNIT ( ) NAMED_UNIT ( * ) SI_UNIT ( .CENTI., .METRE. ) );
#1567 = CARTESIAN_POINT ( 'NONE',  ( 0.0000000000000000000, 0.02999999999999999889, 0.08000000000000000167 ) ) ;
#1568 = CARTESIAN_POINT ( 'NONE',  ( -0.07999999854713682468, 0.06948223304703363135, 0.05249999899417161220 ) ) ;
#1569 = ADVANCED_FACE ( 'NONE', ( #990 ), #1773, .F. ) ;
#1570 = VERTEX_POINT ( 'NONE', #2144 ) ;
#1571 = EDGE_CURVE ( 'NONE', #2512, #22, #2498, .T. ) ;
#1572 = ORIENTED_EDGE ( 'NONE', *, *, #198, .F. ) ;
#1573 = LINE ( 'NONE', #2604, #14 ) ;
#1574 = ORIENTED_EDGE ( 'NONE', *, *, #345, .T. ) ;
#1575 = CARTESIAN_POINT ( 'NONE',  ( 0.1000000000000000056, 0.0000000000000000000, -0.08000000000000000167 ) ) ;
#1576 = SURFACE_STYLE_USAGE ( .BOTH. , #754 ) ;
#1577 = CYLINDRICAL_SURFACE ( 'NONE', #1498, 0.01000000000000000541 ) ;
#1578 = MECHANICAL_DESIGN_GEOMETRIC_PRESENTATION_REPRESENTATION (  '', ( #2314 ), #1861 ) ;
#1579 = AXIS2_PLACEMENT_3D ( 'NONE', #997, #380, #1779 ) ;
#1580 = AXIS2_PLACEMENT_3D ( 'NONE', #699, #1860, #1477 ) ;
#1581 = ADVANCED_FACE ( 'NONE', ( #341, #2172 ), #740, .F. ) ;
#1582 = VECTOR ( 'NONE', #16, 100.0000000000000000 ) ;
#1583 = SURFACE_STYLE_USAGE ( .BOTH. , #783 ) ;
#1584 = AXIS2_PLACEMENT_3D ( 'NONE', #1988, #849, #1029 ) ;
#1585 = CIRCLE ( 'NONE', #2443, 0.005000000000000002706 ) ;
#1586 = ORIENTED_EDGE ( 'NONE', *, *, #1506, .F. ) ;
#1587 = VECTOR ( 'NONE', #194, 100.0000000000000000 ) ;
#1588 = CARTESIAN_POINT ( 'NONE',  ( -0.04999999854713677028, 0.06875000000000000555, 0.05249999899417161220 ) ) ;
#1589 = PRESENTATION_STYLE_ASSIGNMENT (( #1803 ) ) ;
#1590 = CARTESIAN_POINT ( 'NONE',  ( -0.1000000000000000056, 0.0000000000000000000, 0.01999999955296519541 ) ) ;
#1591 = ORIENTED_EDGE ( 'NONE', *, *, #1229, .T. ) ;
#1592 =( GEOMETRIC_REPRESENTATION_CONTEXT ( 3 ) GLOBAL_UNCERTAINTY_ASSIGNED_CONTEXT ( ( #1534 ) ) GLOBAL_UNIT_ASSIGNED_CONTEXT ( ( #2112, #1153, #1561 ) ) REPRESENTATION_CONTEXT ( 'NONE', 'WORKASPACE' ) );
#1593 = DIRECTION ( 'NONE',  ( 0.0000000000000000000, 1.000000000000000000, 0.0000000000000000000 ) ) ;
#1594 = VERTEX_POINT ( 'NONE', #546 ) ;
#1595 = CARTESIAN_POINT ( 'NONE',  ( -0.09999999999999997780, -0.0001000000000000000183, 0.01999999955296519541 ) ) ;
#1596 = VERTEX_POINT ( 'NONE', #574 ) ;
#1597 = CARTESIAN_POINT ( 'NONE',  ( -0.06499999854713681136, 0.06801776695296636588, 0.05249999899417160526 ) ) ;
#1598 = APPLICATION_CONTEXT ( 'automotive_design' ) ;
#1599 = DIRECTION ( 'NONE',  ( 0.0000000000000000000, 0.0000000000000000000, 1.000000000000000000 ) ) ;
#1600 = ADVANCED_FACE ( 'NONE', ( #1537, #1356 ), #1953, .F. ) ;
#1601 = ORIENTED_EDGE ( 'NONE', *, *, #2334, .T. ) ;
#1602 = PLANE ( 'NONE',  #2074 ) ;
#1603 = CARTESIAN_POINT ( 'NONE',  ( -0.08999999999999999667, 0.02999999999999999889, 0.08000000000000000167 ) ) ;
#1604 = ORIENTED_EDGE ( 'NONE', *, *, #2266, .T. ) ;
#1605 = CYLINDRICAL_SURFACE ( 'NONE', #1419, 0.01000000000000000541 ) ;
#1606 = ORIENTED_EDGE ( 'NONE', *, *, #1268, .F. ) ;
#1607 = DIRECTION ( 'NONE',  ( -3.469446835631340056E-16, 0.0000000000000000000, 1.000000000000000000 ) ) ;
#1608 = EDGE_CURVE ( 'NONE', #2030, #682, #2122, .T. ) ;
#1609 = ORIENTED_EDGE ( 'NONE', *, *, #963, .T. ) ;
#1610 = LINE ( 'NONE', #846, #2327 ) ;
#1611 = ADVANCED_FACE ( 'NONE', ( #2005 ), #176, .T. ) ;
#1612 = LINE ( 'NONE', #2220, #784 ) ;
#1613 = CARTESIAN_POINT ( 'NONE',  ( 0.08999999999999999667, 0.0000000000000000000, -0.08000000000000000167 ) ) ;
#1614 = DIRECTION ( 'NONE',  ( 0.0000000000000000000, 0.0000000000000000000, 1.000000000000000000 ) ) ;
#1615 = CIRCLE ( 'NONE', #6, 0.01000000000000000541 ) ;
#1616 = ORIENTED_EDGE ( 'NONE', *, *, #969, .T. ) ;
#1617 =( LENGTH_UNIT ( ) NAMED_UNIT ( * ) SI_UNIT ( .CENTI., .METRE. ) );
#1618 = CIRCLE ( 'NONE', #836, 0.01000000000000000541 ) ;
#1619 = CARTESIAN_POINT ( 'NONE',  ( -0.1000000000000000056, 0.02999999999999999889, 0.07000000000000000666 ) ) ;
#1620 = COLOUR_RGB ( '',0.8156862745098039102, 0.8156862745098039102, 0.8156862745098039102 ) ;
#1621 = CIRCLE ( 'NONE', #1334, 0.01000000000000000541 ) ;
#1622 = VERTEX_POINT ( 'NONE', #2022 ) ;
#1623 = FILL_AREA_STYLE_COLOUR ( '', #361 ) ;
#1624 = DIRECTION ( 'NONE',  ( 0.0000000000000000000, 1.000000000000000000, 0.0000000000000000000 ) ) ;
#1625 = VECTOR ( 'NONE', #1092, 100.0000000000000000 ) ;
#1626 = DIRECTION ( 'NONE',  ( 0.0000000000000000000, 0.0000000000000000000, -1.000000000000000000 ) ) ;
#1628 = ORIENTED_EDGE ( 'NONE', *, *, #2018, .F. ) ;
#1627 = STYLED_ITEM ( 'NONE', ( #1685 ), #1163 ) ;
#1629 = DIRECTION ( 'NONE',  ( -1.000000000000000000, -0.0000000000000000000, -0.0000000000000000000 ) ) ;
#1630 = DIRECTION ( 'NONE',  ( 0.0000000000000000000, 1.000000000000000000, 0.0000000000000000000 ) ) ;
#1631 = UNCERTAINTY_MEASURE_WITH_UNIT (LENGTH_MEASURE( 1.000000000000000082E-05 ), #228, 'distance_accuracy_value', 'NONE');
#1632 = EDGE_CURVE ( 'NONE', #1474, #386, #998, .T. ) ;
#1633 = PRESENTATION_LAYER_ASSIGNMENT (  '', '', ( #2411 ) ) ;
#1634 =( LENGTH_UNIT ( ) NAMED_UNIT ( * ) SI_UNIT ( .CENTI., .METRE. ) );
#1635 = ORIENTED_EDGE ( 'NONE', *, *, #1644, .F. ) ;
#1636 = CARTESIAN_POINT ( 'NONE',  ( -0.06499999854713681136, 0.06801776695296636588, 0.03749999899417159194 ) ) ;
#1637 = EDGE_LOOP ( 'NONE', ( #338, #522, #1529, #50 ) ) ;
#1638 = LINE ( 'NONE', #1241, #1838 ) ;
#1639 = CARTESIAN_POINT ( 'NONE',  ( -0.1000000000000000056, 0.02999999999999999889, 0.07000000000000000666 ) ) ;
#1640 = DIRECTION ( 'NONE',  ( -0.0000000000000000000, -1.000000000000000000, -0.0000000000000000000 ) ) ;
#1641 = DIRECTION ( 'NONE',  ( 0.0000000000000000000, 0.0000000000000000000, 1.000000000000000000 ) ) ;
#1642 = CYLINDRICAL_SURFACE ( 'NONE', #1177, 0.005000000000000002706 ) ;
#1643 = CYLINDRICAL_SURFACE ( 'NONE', #407, 0.005000000000000002706 ) ;
#1644 = EDGE_CURVE ( 'NONE', #1399, #2030, #1283, .T. ) ;
#1645 = EDGE_CURVE ( 'NONE', #776, #1250, #1585, .T. ) ;
#1646 = LINE ( 'NONE', #637, #263 ) ;
#1647 = VERTEX_POINT ( 'NONE', #633 ) ;
#1648 = EDGE_CURVE ( 'NONE', #935, #2451, #442, .T. ) ;
#1649 = PLANE ( 'NONE',  #1878 ) ;
#1650 = EDGE_LOOP ( 'NONE', ( #215, #169, #1157, #812 ) ) ;
#1651 = CYLINDRICAL_SURFACE ( 'NONE', #1675, 0.01000000000000000541 ) ;
#1652 = LINE ( 'NONE', #2060, #139 ) ;
#1653 = OPEN_SHELL ( 'NONE', ( #2321, #2470, #806, #1569, #1551, #2399, #264, #297, #1131, #2136, #1523, #1581, #1993, #2542, #1723, #1862, #1126, #419, #2101, #433, #1600, #879, #385, #1421, #787, #2265, #1163, #1286, #2212, #476, #534, #1883 ) ) ;
#1654 = ORIENTED_EDGE ( 'NONE', *, *, #1783, .F. ) ;
#1655 = FILL_AREA_STYLE ('',( #2423 ) ) ;
#1656 = DIRECTION ( 'NONE',  ( 0.0000000000000000000, 1.000000000000000000, 0.0000000000000000000 ) ) ;
#1657 = CARTESIAN_POINT ( 'NONE',  ( 0.0000000000000000000, 0.02999999999999999889, -0.08000000000000000167 ) ) ;
#1658 = EDGE_CURVE ( 'NONE', #265, #1449, #213, .T. ) ;
#1659 = CIRCLE ( 'NONE', #1247, 0.01000000000000000541 ) ;
#1660 = EDGE_LOOP ( 'NONE', ( #2587, #2339, #1971, #1696 ) ) ;
#1661 = SURFACE_STYLE_FILL_AREA ( #2439 ) ;
#1662 = AXIS2_PLACEMENT_3D ( 'NONE', #2275, #2036, #1067 ) ;
#1663 = ORIENTED_EDGE ( 'NONE', *, *, #1150, .F. ) ;
#1664 = AXIS2_PLACEMENT_3D ( 'NONE', #2487, #861, #1299 ) ;
#1665 = DIRECTION ( 'NONE',  ( -0.0000000000000000000, 1.000000000000000000, -0.0000000000000000000 ) ) ;
#1666 = FACE_OUTER_BOUND ( 'NONE', #324, .T. ) ;
#1667 = VECTOR ( 'NONE', #340, 100.0000000000000000 ) ;
#1668 = EDGE_LOOP ( 'NONE', ( #627, #1586, #362, #1026 ) ) ;
#1669 = VECTOR ( 'NONE', #2571, 100.0000000000000000 ) ;
#1670 = AXIS2_PLACEMENT_3D ( 'NONE', #2232, #52, #2037 ) ;
#1671 = PLANE ( 'NONE',  #653 ) ;
#1672 = FACE_OUTER_BOUND ( 'NONE', #2099, .T. ) ;
#1673 = VECTOR ( 'NONE', #945, 100.0000000000000000 ) ;
#1674 = FACE_OUTER_BOUND ( 'NONE', #1406, .T. ) ;
#1675 = AXIS2_PLACEMENT_3D ( 'NONE', #1430, #1856, #2391 ) ;
#1676 = EDGE_LOOP ( 'NONE', ( #2581, #1005, #186, #2044, #1813, #620, #601, #1504 ) ) ;
#1677 = FACE_OUTER_BOUND ( 'NONE', #2250, .T. ) ;
#1678 = VERTEX_POINT ( 'NONE', #423 ) ;
#1679 = CARTESIAN_POINT ( 'NONE',  ( 0.08499999798834320663, 0.05999999999999999778, 0.06999999843537810240 ) ) ;
#1680 = EDGE_CURVE ( 'NONE', #2584, #2058, #2410, .T. ) ;
#1681 = VERTEX_POINT ( 'NONE', #1253 ) ;
#1682 = DIRECTION ( 'NONE',  ( 0.0000000000000000000, 0.0000000000000000000, -1.000000000000000000 ) ) ;
#1683 = EDGE_CURVE ( 'NONE', #1375, #1559, #262, .T. ) ;
#1684 = DIRECTION ( 'NONE',  ( 0.0000000000000000000, 0.0000000000000000000, -1.000000000000000000 ) ) ;
#1685 = PRESENTATION_STYLE_ASSIGNMENT (( #1122 ) ) ;
#1686 = VERTEX_POINT ( 'NONE', #2394 ) ;
#1687 = LINE ( 'NONE', #2460, #2038 ) ;
#1688 = VERTEX_POINT ( 'NONE', #1780 ) ;
#1689 = SURFACE_SIDE_STYLE ('',( #1289 ) ) ;
#1690 = UNCERTAINTY_MEASURE_WITH_UNIT (LENGTH_MEASURE( 1.000000000000000082E-05 ), #741, 'distance_accuracy_value', 'NONE');
#1691 = ORIENTED_EDGE ( 'NONE', *, *, #1389, .T. ) ;
#1692 = CARTESIAN_POINT ( 'NONE',  ( -0.07999999932944780456, 0.0000000000000000000, -0.01999999999999999695 ) ) ;
#1693 = DIRECTION ( 'NONE',  ( 0.0000000000000000000, -0.0000000000000000000, 1.000000000000000000 ) ) ;
#1694 =( NAMED_UNIT ( * ) PLANE_ANGLE_UNIT ( ) SI_UNIT ( $, .RADIAN. ) );
#1695 = CARTESIAN_POINT ( 'NONE',  ( 0.05999999865889549949, -0.0001000000000000000183, 0.08000000000000000167 ) ) ;
#1696 = ORIENTED_EDGE ( 'NONE', *, *, #1536, .T. ) ;
#1697 = DIRECTION ( 'NONE',  ( 0.0000000000000000000, -1.000000000000000000, 0.0000000000000000000 ) ) ;
#1698 = ORIENTED_EDGE ( 'NONE', *, *, #1360, .F. ) ;
#1699 = CARTESIAN_POINT ( 'NONE',  ( 0.1000000000000000056, 0.0000000000000000000, -0.01999999955296519888 ) ) ;
#1700 = DIRECTION ( 'NONE',  ( -0.0000000000000000000, 1.000000000000000000, -0.0000000000000000000 ) ) ;
#1701 = STYLED_ITEM ( 'NONE', ( #2129 ), #385 ) ;
#1702 = CARTESIAN_POINT ( 'NONE',  ( -0.05999999865889549949, 0.0000000000000000000, 0.08000000000000000167 ) ) ;
#1703 = VECTOR ( 'NONE', #155, 100.0000000000000000 ) ;
#1704 = CYLINDRICAL_SURFACE ( 'NONE', #1297, 0.01000000000000000541 ) ;
#1705 = AXIS2_PLACEMENT_3D ( 'NONE', #536, #560, #2362 ) ;
#1706 = PRODUCT_DEFINITION_SHAPE ( 'NONE', 'NONE',  #208 ) ;
#1707 =( GEOMETRIC_REPRESENTATION_CONTEXT ( 3 ) GLOBAL_UNCERTAINTY_ASSIGNED_CONTEXT ( ( #938 ) ) GLOBAL_UNIT_ASSIGNED_CONTEXT ( ( #2312, #1807, #573 ) ) REPRESENTATION_CONTEXT ( 'NONE', 'WORKASPACE' ) );
#1708 = SURFACE_STYLE_FILL_AREA ( #289 ) ;
#1709 =( GEOMETRIC_REPRESENTATION_CONTEXT ( 3 ) GLOBAL_UNCERTAINTY_ASSIGNED_CONTEXT ( ( #1511 ) ) GLOBAL_UNIT_ASSIGNED_CONTEXT ( ( #1064, #446, #894 ) ) REPRESENTATION_CONTEXT ( 'NONE', 'WORKASPACE' ) );
#1710 = VECTOR ( 'NONE', #1979, 100.0000000000000000 ) ;
#1711 = PRESENTATION_LAYER_ASSIGNMENT (  '', '', ( #2295 ) ) ;
#1712 = ORIENTED_EDGE ( 'NONE', *, *, #1518, .T. ) ;
#1713 = FACE_OUTER_BOUND ( 'NONE', #1212, .T. ) ;
#1714 = AXIS2_PLACEMENT_3D ( 'NONE', #1232, #2430, #2020 ) ;
#1715 = ORIENTED_EDGE ( 'NONE', *, *, #68, .F. ) ;
#1716 =( NAMED_UNIT ( * ) SI_UNIT ( $, .STERADIAN. ) SOLID_ANGLE_UNIT ( ) );
#1717 = CARTESIAN_POINT ( 'NONE',  ( 0.08999999999999999667, 0.02999999999999999889, -0.08000000000000000167 ) ) ;
#1718 = STYLED_ITEM ( 'NONE', ( #628 ), #2218 ) ;
#1719 = CARTESIAN_POINT ( 'NONE',  ( -0.08999999999999999667, 0.05999999999999999778, 0.08000000000000000167 ) ) ;
#1720 = DIRECTION ( 'NONE',  ( 0.0000000000000000000, -0.0000000000000000000, -1.000000000000000000 ) ) ;
#1721 = CARTESIAN_POINT ( 'NONE',  ( -0.08999999999999999667, 0.02999999999999999889, 0.08000000000000000167 ) ) ;
#1722 = PLANE ( 'NONE',  #2534 ) ;
#1723 = ADVANCED_FACE ( 'NONE', ( #608 ), #1416, .F. ) ;
#1724 = EDGE_CURVE ( 'NONE', #1686, #265, #2480, .T. ) ;
#1725 = ORIENTED_EDGE ( 'NONE', *, *, #1074, .T. ) ;
#1726 = DIRECTION ( 'NONE',  ( 1.000000000000000000, -0.0000000000000000000, 0.0000000000000000000 ) ) ;
#1727 = ORIENTED_EDGE ( 'NONE', *, *, #480, .T. ) ;
#1728 = CARTESIAN_POINT ( 'NONE',  ( -0.1000000000000000056, 0.0000000000000000000, -0.08000000000000000167 ) ) ;
#1729 = LINE ( 'NONE', #2308, #606 ) ;
#1730 = PRESENTATION_STYLE_ASSIGNMENT (( #1352 ) ) ;
#1731 = EDGE_LOOP ( 'NONE', ( #427, #803, #392, #2270 ) ) ;
#1732 = FILL_AREA_STYLE ('',( #974 ) ) ;
#1733 = LINE ( 'NONE', #989, #2441 ) ;
#1734 = DIRECTION ( 'NONE',  ( -0.0000000000000000000, 0.0000000000000000000, 1.000000000000000000 ) ) ;
#1735 = STYLED_ITEM ( 'NONE', ( #242 ), #18 ) ;
#1736 = ORIENTED_EDGE ( 'NONE', *, *, #1764, .T. ) ;
#1737 = DIRECTION ( 'NONE',  ( 0.0000000000000000000, 0.0000000000000000000, 1.000000000000000000 ) ) ;
#1738 = EDGE_LOOP ( 'NONE', ( #1775, #2379, #232, #722 ) ) ;
#1739 =( NAMED_UNIT ( * ) SI_UNIT ( $, .STERADIAN. ) SOLID_ANGLE_UNIT ( ) );
#1740 = FACE_OUTER_BOUND ( 'NONE', #1287, .T. ) ;
#1741 = DIRECTION ( 'NONE',  ( 1.000000000000000000, -0.0000000000000000000, 0.0000000000000000000 ) ) ;
#1742 = EDGE_CURVE ( 'NONE', #984, #1570, #614, .T. ) ;
#1743 = EDGE_LOOP ( 'NONE', ( #2516, #933, #2081, #2491 ) ) ;
#1744 = LINE ( 'NONE', #848, #2032 ) ;
#1745 = FACE_OUTER_BOUND ( 'NONE', #1146, .T. ) ;
#1746 = MECHANICAL_DESIGN_GEOMETRIC_PRESENTATION_REPRESENTATION (  '', ( #1989 ), #828 ) ;
#1747 = VECTOR ( 'NONE', #2413, 100.0000000000000000 ) ;
#1748 = DIRECTION ( 'NONE',  ( -0.0000000000000000000, 0.0000000000000000000, -1.000000000000000000 ) ) ;
#1749 = VECTOR ( 'NONE', #97, 100.0000000000000000 ) ;
#1750 = ORIENTED_EDGE ( 'NONE', *, *, #1764, .F. ) ;
#1751 =( GEOMETRIC_REPRESENTATION_CONTEXT ( 3 ) GLOBAL_UNCERTAINTY_ASSIGNED_CONTEXT ( ( #1631 ) ) GLOBAL_UNIT_ASSIGNED_CONTEXT ( ( #228, #240, #866 ) ) REPRESENTATION_CONTEXT ( 'NONE', 'WORKASPACE' ) );
#1752 = CARTESIAN_POINT ( 'NONE',  ( -0.08999999999999999667, 0.0000000000000000000, 0.08000000000000001554 ) ) ;
#1753 = ORIENTED_EDGE ( 'NONE', *, *, #1074, .F. ) ;
#1754 = DIRECTION ( 'NONE',  ( 1.000000000000000000, 0.0000000000000000000, -2.312964617402810242E-16 ) ) ;
#1755 = PLANE ( 'NONE',  #1580 ) ;
#1756 = STYLED_ITEM ( 'NONE', ( #508 ), #2101 ) ;
#1757 = FACE_OUTER_BOUND ( 'NONE', #939, .T. ) ;
#1758 = STYLED_ITEM ( 'NONE', ( #64 ), #2456 ) ;
#1759 = EDGE_CURVE ( 'NONE', #1622, #1789, #1012, .T. ) ;
#1760 = CARTESIAN_POINT ( 'NONE',  ( -0.07999999932944780456, 0.0000000000000000000, 0.01999999955296519541 ) ) ;
#1761 = FACE_OUTER_BOUND ( 'NONE', #310, .T. ) ;
#1762 = FILL_AREA_STYLE ('',( #978 ) ) ;
#1763 =( GEOMETRIC_REPRESENTATION_CONTEXT ( 3 ) GLOBAL_UNCERTAINTY_ASSIGNED_CONTEXT ( ( #500 ) ) GLOBAL_UNIT_ASSIGNED_CONTEXT ( ( #1238, #814, #660 ) ) REPRESENTATION_CONTEXT ( 'NONE', 'WORKASPACE' ) );
#1764 = EDGE_CURVE ( 'NONE', #1835, #1531, #1652, .T. ) ;
#1765 = SURFACE_STYLE_FILL_AREA ( #1939 ) ;
#1766 = ORIENTED_EDGE ( 'NONE', *, *, #951, .T. ) ;
#1767 = SURFACE_STYLE_FILL_AREA ( #125 ) ;
#1768 = ORIENTED_EDGE ( 'NONE', *, *, #2416, .F. ) ;
#1769 = CARTESIAN_POINT ( 'NONE',  ( -0.08999999999999999667, 0.02999999999999999889, -0.08000000000000000167 ) ) ;
#1770 = UNCERTAINTY_MEASURE_WITH_UNIT (LENGTH_MEASURE( 1.000000000000000082E-05 ), #1071, 'distance_accuracy_value', 'NONE');
#1771 = CARTESIAN_POINT ( 'NONE',  ( 0.08999999999999999667, 0.0000000000000000000, 0.08000000000000000167 ) ) ;
#1772 = CYLINDRICAL_SURFACE ( 'NONE', #179, 0.005000000000000002706 ) ;
#1773 = PLANE ( 'NONE',  #403 ) ;
#1774 = SURFACE_SIDE_STYLE ('',( #548 ) ) ;
#1775 = ORIENTED_EDGE ( 'NONE', *, *, #977, .T. ) ;
#1776 = CARTESIAN_POINT ( 'NONE',  ( 0.09999999776482580705, 0.0000000000000000000, 0.01999999955296519541 ) ) ;
#1777 = DIRECTION ( 'NONE',  ( -1.000000000000000000, 0.0000000000000000000, -2.312964617402810242E-16 ) ) ;
#1778 = ORIENTED_EDGE ( 'NONE', *, *, #2009, .F. ) ;
#1779 = DIRECTION ( 'NONE',  ( 0.0000000000000000000, 0.0000000000000000000, -1.000000000000000000 ) ) ;
#1780 = CARTESIAN_POINT ( 'NONE',  ( 0.08999999999999999667, 0.0000000000000000000, -0.08000000000000000167 ) ) ;
#1781 = CARTESIAN_POINT ( 'NONE',  ( 0.08999999999999999667, 0.0000000000000000000, 0.08000000000000000167 ) ) ;
#1782 = AXIS2_PLACEMENT_3D ( 'NONE', #424, #1042, #2383 ) ;
#1783 = EDGE_CURVE ( 'NONE', #935, #346, #453, .T. ) ;
#1784 = LINE ( 'NONE', #1960, #707 ) ;
#1785 = VECTOR ( 'NONE', #1485, 100.0000000000000000 ) ;
#1786 = FACE_OUTER_BOUND ( 'NONE', #1052, .T. ) ;
#1787 = COLOUR_RGB ( '',0.8156862745098039102, 0.8156862745098039102, 0.8156862745098039102 ) ;
#1788 = COLOUR_RGB ( '',0.9529411764705881804, 0.8980392156862745390, 0.6549019607843137303 ) ;
#1789 = VERTEX_POINT ( 'NONE', #54 ) ;
#1790 = SURFACE_STYLE_USAGE ( .BOTH. , #170 ) ;
#1791 = DIRECTION ( 'NONE',  ( 1.000000000000000000, -0.0000000000000000000, 0.0000000000000000000 ) ) ;
#1792 = AXIS2_PLACEMENT_3D ( 'NONE', #2284, #2045, #1490 ) ;
#1793 = ORIENTED_EDGE ( 'NONE', *, *, #951, .F. ) ;
#1794 = SURFACE_STYLE_USAGE ( .BOTH. , #414 ) ;
#1795 = CARTESIAN_POINT ( 'NONE',  ( 0.08499999798834320663, 0.05999999999999999778, -0.06499999843537809796 ) ) ;
#1796 = ORIENTED_EDGE ( 'NONE', *, *, #598, .T. ) ;
#1797 = PLANE ( 'NONE',  #1133 ) ;
#1798 = PLANE ( 'NONE',  #440 ) ;
#1799 = VERTEX_POINT ( 'NONE', #1081 ) ;
#1800 = CARTESIAN_POINT ( 'NONE',  ( 0.08499999798834320663, 0.05999999999999999778, -0.06499999843537809796 ) ) ;
#1801 = ADVANCED_FACE ( 'NONE', ( #2264 ), #2078, .F. ) ;
#1802 = EDGE_LOOP ( 'NONE', ( #943, #292, #1725, #2033 ) ) ;
#1803 = SURFACE_STYLE_USAGE ( .BOTH. , #188 ) ;
#1804 = VERTEX_POINT ( 'NONE', #1117 ) ;
#1805 = CARTESIAN_POINT ( 'NONE',  ( -0.08999999999999999667, -0.0001000000000000000183, 0.08000000000000001554 ) ) ;
#1806 =( NAMED_UNIT ( * ) PLANE_ANGLE_UNIT ( ) SI_UNIT ( $, .RADIAN. ) );
#1807 =( NAMED_UNIT ( * ) PLANE_ANGLE_UNIT ( ) SI_UNIT ( $, .RADIAN. ) );
#1808 =( NAMED_UNIT ( * ) SI_UNIT ( $, .STERADIAN. ) SOLID_ANGLE_UNIT ( ) );
#1809 = ORIENTED_EDGE ( 'NONE', *, *, #1256, .F. ) ;
#1810 = DIRECTION ( 'NONE',  ( -1.000000000000000000, 0.0000000000000000000, -0.0000000000000000000 ) ) ;
#1811 = DIRECTION ( 'NONE',  ( 0.0000000000000000000, 0.0000000000000000000, 1.000000000000000000 ) ) ;
#1812 = LINE ( 'NONE', #1425, #2040 ) ;
#1813 = ORIENTED_EDGE ( 'NONE', *, *, #1023, .F. ) ;
#1814 = SURFACE_STYLE_USAGE ( .BOTH. , #2227 ) ;
#1815 = EDGE_CURVE ( 'NONE', #1596, #708, #1898, .T. ) ;
#1816 = CARTESIAN_POINT ( 'NONE',  ( -0.04999999854713677028, 0.06875000000000000555, 0.05249999899417161220 ) ) ;
#1817 = VERTEX_POINT ( 'NONE', #2115 ) ;
#1818 = CARTESIAN_POINT ( 'NONE',  ( -0.1000000000000000056, 0.0000000000000000000, 0.08000000000000000167 ) ) ;
#1819 = CARTESIAN_POINT ( 'NONE',  ( 0.05999999865889549949, 0.0000000000000000000, 0.04999999977648259680 ) ) ;
#1820 = EDGE_CURVE ( 'NONE', #2240, #1975, #2164, .T. ) ;
#1821 = CARTESIAN_POINT ( 'NONE',  ( -0.06499999854713679748, 0.07000000000000000666, 0.03624999899417159083 ) ) ;
#1822 = VERTEX_POINT ( 'NONE', #735 ) ;
#1823 = CARTESIAN_POINT ( 'NONE',  ( -0.08499999798834320663, 0.06500000000000000222, -0.06499999843537809796 ) ) ;
#1824 = COLOUR_RGB ( '',0.6274509803921568540, 0.6274509803921568540, 0.6274509803921568540 ) ;
#1825 = VERTEX_POINT ( 'NONE', #2553 ) ;
#1826 = PRESENTATION_LAYER_ASSIGNMENT (  '', '', ( #350 ) ) ;
#1827 = COLOUR_RGB ( '',0.8156862745098039102, 0.8156862745098039102, 0.8156862745098039102 ) ;
#1828 = AXIS2_PLACEMENT_3D ( 'NONE', #2586, #1640, #1243 ) ;
#1829 = CIRCLE ( 'NONE', #2481, 0.007500000000000008396 ) ;
#1830 = ORIENTED_EDGE ( 'NONE', *, *, #1820, .F. ) ;
#1831 = PLANE ( 'NONE',  #1222 ) ;
#1832 = MECHANICAL_DESIGN_GEOMETRIC_PRESENTATION_REPRESENTATION (  '', ( #1998 ), #1378 ) ;
#1833 = EDGE_CURVE ( 'NONE', #1427, #1825, #710, .T. ) ;
#1835 = VERTEX_POINT ( 'NONE', #1719 ) ;
#1834 = AXIS2_PLACEMENT_3D ( 'NONE', #44, #79, #2489 ) ;
#1836 = DIRECTION ( 'NONE',  ( 0.0000000000000000000, 1.000000000000000000, -0.0000000000000000000 ) ) ;
#1837 =( NAMED_UNIT ( * ) SI_UNIT ( $, .STERADIAN. ) SOLID_ANGLE_UNIT ( ) );
#1838 = VECTOR ( 'NONE', #238, 100.0000000000000000 ) ;
#1839 = MECHANICAL_DESIGN_GEOMETRIC_PRESENTATION_REPRESENTATION (  '', ( #1108 ), #1145 ) ;
#1840 = FILL_AREA_STYLE_COLOUR ( '', #921 ) ;
#1841 = ORIENTED_EDGE ( 'NONE', *, *, #833, .F. ) ;
#1842 = CARTESIAN_POINT ( 'NONE',  ( -0.1000000000000000056, 0.0000000000000000000, -0.01999999999999999695 ) ) ;
#1843 = DIRECTION ( 'NONE',  ( 1.000000000000000000, 0.0000000000000000000, 0.0000000000000000000 ) ) ;
#1844 = ORIENTED_EDGE ( 'NONE', *, *, #2593, .T. ) ;
#1845 = CYLINDRICAL_SURFACE ( 'NONE', #926, 0.01000000000000000541 ) ;
#1846 = CARTESIAN_POINT ( 'NONE',  ( -0.04749999854713679581, 0.07000000000000000666, 0.03624999899417159777 ) ) ;
#1847 =( NAMED_UNIT ( * ) SI_UNIT ( $, .STERADIAN. ) SOLID_ANGLE_UNIT ( ) );
#1848 = CARTESIAN_POINT ( 'NONE',  ( -0.08999999999999999667, 0.02999999999999999889, -0.08000000000000000167 ) ) ;
#1849 = DIRECTION ( 'NONE',  ( 0.0000000000000000000, 0.0000000000000000000, 1.000000000000000000 ) ) ;
#1850 = ADVANCED_FACE ( 'NONE', ( #1757 ), #1927, .T. ) ;
#1851 =( NAMED_UNIT ( * ) SI_UNIT ( $, .STERADIAN. ) SOLID_ANGLE_UNIT ( ) );
#1852 = ORIENTED_EDGE ( 'NONE', *, *, #718, .T. ) ;
#1853 = DIRECTION ( 'NONE',  ( -0.0000000000000000000, -0.0000000000000000000, 1.000000000000000000 ) ) ;
#1854 = CARTESIAN_POINT ( 'NONE',  ( -0.1000000000000000056, 0.0000000000000000000, -0.02000000000000000042 ) ) ;
#1855 = ORIENTED_EDGE ( 'NONE', *, *, #1532, .T. ) ;
#1856 = DIRECTION ( 'NONE',  ( 0.0000000000000000000, -1.000000000000000000, 0.0000000000000000000 ) ) ;
#1857 = COLOUR_RGB ( '',0.9529411764705881804, 0.8980392156862745390, 0.6549019607843137303 ) ;
#1858 = VERTEX_POINT ( 'NONE', #104 ) ;
#1859 = DIRECTION ( 'NONE',  ( 0.0000000000000000000, -1.000000000000000000, 0.0000000000000000000 ) ) ;
#1860 = DIRECTION ( 'NONE',  ( 0.0000000000000000000, 0.0000000000000000000, -1.000000000000000000 ) ) ;
#1861 =( GEOMETRIC_REPRESENTATION_CONTEXT ( 3 ) GLOBAL_UNCERTAINTY_ASSIGNED_CONTEXT ( ( #1899 ) ) GLOBAL_UNIT_ASSIGNED_CONTEXT ( ( #2132, #316, #557 ) ) REPRESENTATION_CONTEXT ( 'NONE', 'WORKASPACE' ) );
#1862 = ADVANCED_FACE ( 'NONE', ( #2540 ), #556, .F. ) ;
#1863 = EDGE_LOOP ( 'NONE', ( #144, #1337, #1142, #743 ) ) ;
#1864 = LINE ( 'NONE', #2031, #1140 ) ;
#1865 = COLOUR_RGB ( '',0.9529411764705881804, 0.8980392156862745390, 0.6549019607843137303 ) ;
#1866 = ORIENTED_EDGE ( 'NONE', *, *, #802, .T. ) ;
#1867 = VECTOR ( 'NONE', #1748, 100.0000000000000000 ) ;
#1868 = CARTESIAN_POINT ( 'NONE',  ( 0.05999999865889549949, -0.0001000000000000000183, -0.01999999955296518847 ) ) ;
#1869 = CARTESIAN_POINT ( 'NONE',  ( -0.1000000000000000056, 0.0000000000000000000, -0.08000000000000000167 ) ) ;
#1870 = CARTESIAN_POINT ( 'NONE',  ( 0.08999999798834321107, 0.05999999999999999778, 0.06499999843537809796 ) ) ;
#1871 = FILL_AREA_STYLE ('',( #2249 ) ) ;
#1872 = VECTOR ( 'NONE', #613, 100.0000000000000000 ) ;
#1873 = ORIENTED_EDGE ( 'NONE', *, *, #1451, .F. ) ;
#1874 = SURFACE_STYLE_USAGE ( .BOTH. , #1280 ) ;
#1875 = VECTOR ( 'NONE', #1050, 100.0000000000000000 ) ;
#1876 = LINE ( 'NONE', #545, #872 ) ;
#1877 = CARTESIAN_POINT ( 'NONE',  ( 0.05999999865889551337, 0.0000000000000000000, 0.01999999955296519541 ) ) ;
#1878 = AXIS2_PLACEMENT_3D ( 'NONE', #1854, #1305, #465 ) ;
#1879 = PLANE ( 'NONE',  #1664 ) ;
#1880 = CARTESIAN_POINT ( 'NONE',  ( -0.1000000000000000056, 0.0000000000000000000, -0.07000000000000000666 ) ) ;
#1881 =( GEOMETRIC_REPRESENTATION_CONTEXT ( 3 ) GLOBAL_UNCERTAINTY_ASSIGNED_CONTEXT ( ( #527 ) ) GLOBAL_UNIT_ASSIGNED_CONTEXT ( ( #293, #906, #1716 ) ) REPRESENTATION_CONTEXT ( 'NONE', 'WORKASPACE' ) );
#1882 = ORIENTED_EDGE ( 'NONE', *, *, #773, .T. ) ;
#1883 = ADVANCED_FACE ( 'NONE', ( #767 ), #944, .T. ) ;
#1884 = EDGE_CURVE ( 'NONE', #496, #2307, #267, .T. ) ;
#1885 = EDGE_LOOP ( 'NONE', ( #344, #2046, #1491, #2417, #1433 ) ) ;
#1886 = CARTESIAN_POINT ( 'NONE',  ( 0.05999999865889549949, 0.0000000000000000000, -0.01999999955296518847 ) ) ;
#1887 = SURFACE_SIDE_STYLE ('',( #2013 ) ) ;
#1888 = EDGE_CURVE ( 'NONE', #1647, #2500, #595, .T. ) ;
#1889 = DIRECTION ( 'NONE',  ( -0.0000000000000000000, 1.000000000000000000, -0.0000000000000000000 ) ) ;
#1890 = DIRECTION ( 'NONE',  ( 0.0000000000000000000, 1.000000000000000000, 0.0000000000000000000 ) ) ;
#1891 = SURFACE_SIDE_STYLE ('',( #1134 ) ) ;
#1892 = LINE ( 'NONE', #506, #1957 ) ;
#1893 = ORIENTED_EDGE ( 'NONE', *, *, #1783, .T. ) ;
#1894 = SURFACE_STYLE_FILL_AREA ( #261 ) ;
#1895 = ORIENTED_EDGE ( 'NONE', *, *, #1196, .F. ) ;
#1896 = ADVANCED_FACE ( 'NONE', ( #2217 ), #161, .T. ) ;
#1897 = DIRECTION ( 'NONE',  ( 0.0000000000000000000, -1.000000000000000000, 0.0000000000000000000 ) ) ;
#1898 = LINE ( 'NONE', #646, #2575 ) ;
#1899 = UNCERTAINTY_MEASURE_WITH_UNIT (LENGTH_MEASURE( 1.000000000000000082E-05 ), #2132, 'distance_accuracy_value', 'NONE');
#1900 = EDGE_CURVE ( 'NONE', #80, #1835, #1057, .T. ) ;
#1901 = DIRECTION ( 'NONE',  ( -1.000000000000000000, -0.0000000000000000000, -0.0000000000000000000 ) ) ;
#1902 = LINE ( 'NONE', #2256, #308 ) ;
#1903 = ORIENTED_EDGE ( 'NONE', *, *, #999, .T. ) ;
#1904 = VECTOR ( 'NONE', #1011, 100.0000000000000000 ) ;
#1905 = EDGE_LOOP ( 'NONE', ( #813, #2181, #2306, #1089 ) ) ;
#1906 = SURFACE_STYLE_USAGE ( .BOTH. , #734 ) ;
#1907 = CARTESIAN_POINT ( 'NONE',  ( 0.1000000000000000056, 0.05999999999999999778, 0.08000000000000000167 ) ) ;
#1908 = CIRCLE ( 'NONE', #1410, 0.005000000000000002706 ) ;
#1909 = VERTEX_POINT ( 'NONE', #1590 ) ;
#1910 = SURFACE_STYLE_USAGE ( .BOTH. , #2544 ) ;
#1911 = CIRCLE ( 'NONE', #917, 0.005000000000000002706 ) ;
#1912 = FACE_OUTER_BOUND ( 'NONE', #369, .T. ) ;
#1913 = AXIS2_PLACEMENT_3D ( 'NONE', #1281, #712, #2467 ) ;
#1914 = PRESENTATION_LAYER_ASSIGNMENT (  '', '', ( #1415 ) ) ;
#1915 = PLANE ( 'NONE',  #1539 ) ;
#1916 = CARTESIAN_POINT ( 'NONE',  ( 0.09999999776482580705, 0.0000000000000000000, 0.01999999955296519888 ) ) ;
#1917 = COLOUR_RGB ( '',0.9529411764705881804, 0.8980392156862745390, 0.6549019607843137303 ) ;
#1918 = COLOUR_RGB ( '',0.6274509803921568540, 0.6274509803921568540, 0.6274509803921568540 ) ;
#1919 = EDGE_CURVE ( 'NONE', #2476, #223, #171, .T. ) ;
#1920 = VECTOR ( 'NONE', #1955, 100.0000000000000000 ) ;
#1921 = VERTEX_POINT ( 'NONE', #190 ) ;
#1922 = CARTESIAN_POINT ( 'NONE',  ( 0.08999999999999999667, 0.0000000000000000000, -0.08000000000000000167 ) ) ;
#1923 = CIRCLE ( 'NONE', #798, 0.009999999999999982861 ) ;
#1924 = ORIENTED_EDGE ( 'NONE', *, *, #1345, .T. ) ;
#1925 = SURFACE_STYLE_FILL_AREA ( #2113 ) ;
#1926 = CARTESIAN_POINT ( 'NONE',  ( -0.05999999865889549949, -0.0001000000000000000183, -0.01999999999999999695 ) ) ;
#1927 = PLANE ( 'NONE',  #1259 ) ;
#1928 = UNCERTAINTY_MEASURE_WITH_UNIT (LENGTH_MEASURE( 1.000000000000000082E-05 ), #422, 'distance_accuracy_value', 'NONE');
#1929 = ORIENTED_EDGE ( 'NONE', *, *, #718, .F. ) ;
#1930 = DIRECTION ( 'NONE',  ( 0.0000000000000000000, 0.0000000000000000000, 1.000000000000000000 ) ) ;
#1931 =( NAMED_UNIT ( * ) SI_UNIT ( $, .STERADIAN. ) SOLID_ANGLE_UNIT ( ) );
#1932 = DIRECTION ( 'NONE',  ( 2.602085126723509849E-16, 0.0000000000000000000, 1.000000000000000000 ) ) ;
#1933 = ORIENTED_EDGE ( 'NONE', *, *, #1348, .T. ) ;
#1934 = ORIENTED_EDGE ( 'NONE', *, *, #1632, .T. ) ;
#1935 = FILL_AREA_STYLE ('',( #766 ) ) ;
#1936 = DIRECTION ( 'NONE',  ( 0.0000000000000000000, -1.000000000000000000, 0.0000000000000000000 ) ) ;
#1937 = SURFACE_SIDE_STYLE ('',( #976 ) ) ;
#1938 = DIRECTION ( 'NONE',  ( 0.0000000000000000000, 0.0000000000000000000, -1.000000000000000000 ) ) ;
#1939 = FILL_AREA_STYLE ('',( #358 ) ) ;
#1940 = PLANE ( 'NONE',  #1412 ) ;
#1941 = CLOSED_SHELL ( 'NONE', ( #165, #1152, #301, #2042, #1850, #1611, #1556 ) ) ;
#1942 = ORIENTED_EDGE ( 'NONE', *, *, #2065, .T. ) ;
#1943 = FILL_AREA_STYLE ('',( #363 ) ) ;
#1944 = DIRECTION ( 'NONE',  ( 0.0000000000000000000, 0.0000000000000000000, 1.000000000000000000 ) ) ;
#1945 = VERTEX_POINT ( 'NONE', #2372 ) ;
#1946 = FACE_OUTER_BOUND ( 'NONE', #102, .T. ) ;
#1947 = DIRECTION ( 'NONE',  ( 0.0000000000000000000, 1.000000000000000000, 0.0000000000000000000 ) ) ;
#1948 = UNCERTAINTY_MEASURE_WITH_UNIT (LENGTH_MEASURE( 1.000000000000000082E-05 ), #4, 'distance_accuracy_value', 'NONE');
#1949 = EDGE_CURVE ( 'NONE', #1124, #1427, #1008, .T. ) ;
#1950 = ORIENTED_EDGE ( 'NONE', *, *, #1164, .F. ) ;
#1951 = DIRECTION ( 'NONE',  ( 1.000000000000000000, 0.0000000000000000000, -0.0000000000000000000 ) ) ;
#1952 = PLANE ( 'NONE',  #791 ) ;
#1953 = PLANE ( 'NONE',  #793 ) ;
#1954 = AXIS2_PLACEMENT_3D ( 'NONE', #830, #1403, #2191 ) ;
#1955 = DIRECTION ( 'NONE',  ( 1.000000000000000000, 0.0000000000000000000, 0.0000000000000000000 ) ) ;
#1956 = CARTESIAN_POINT ( 'NONE',  ( -0.06499999854713679748, 0.06875000000000000555, 0.05249999899417161220 ) ) ;
#1957 = VECTOR ( 'NONE', #700, 100.0000000000000000 ) ;
#1958 = ORIENTED_EDGE ( 'NONE', *, *, #561, .T. ) ;
#1959 = PRESENTATION_LAYER_ASSIGNMENT (  '', '', ( #484 ) ) ;
#1960 = CARTESIAN_POINT ( 'NONE',  ( 0.1000000000000000056, 0.02999999999999999889, 0.06999999999999999278 ) ) ;
#1961 = AXIS2_PLACEMENT_3D ( 'NONE', #2276, #469, #281 ) ;
#1962 = ORIENTED_EDGE ( 'NONE', *, *, #402, .F. ) ;
#1963 = CARTESIAN_POINT ( 'NONE',  ( 0.08499999798834320663, 0.07000000000000000666, -0.06499999843537809796 ) ) ;
#1964 = CARTESIAN_POINT ( 'NONE',  ( 0.1000000000000000056, -0.0001000000000000000183, -0.07000000000000000666 ) ) ;
#1965 = EDGE_CURVE ( 'NONE', #593, #682, #1058, .T. ) ;
#1966 = MECHANICAL_DESIGN_GEOMETRIC_PRESENTATION_REPRESENTATION (  '', ( #1424 ), #93 ) ;
#1967 = ORIENTED_EDGE ( 'NONE', *, *, #283, .T. ) ;
#1968 = DIRECTION ( 'NONE',  ( -0.0000000000000000000, 0.0000000000000000000, -1.000000000000000000 ) ) ;
#1969 =( NAMED_UNIT ( * ) PLANE_ANGLE_UNIT ( ) SI_UNIT ( $, .RADIAN. ) );
#1970 = ORIENTED_EDGE ( 'NONE', *, *, #127, .F. ) ;
#1971 = ORIENTED_EDGE ( 'NONE', *, *, #1680, .T. ) ;
#1972 = CARTESIAN_POINT ( 'NONE',  ( -0.1000000000000000056, 0.0000000000000000000, 0.07000000000000000666 ) ) ;
#1973 = CARTESIAN_POINT ( 'NONE',  ( -0.04999999854713678415, 0.06875000000000000555, 0.03749999899417158500 ) ) ;
#1974 = UNCERTAINTY_MEASURE_WITH_UNIT (LENGTH_MEASURE( 1.000000000000000082E-05 ), #1566, 'distance_accuracy_value', 'NONE');
#1975 = VERTEX_POINT ( 'NONE', #2583 ) ;
#1976 = CARTESIAN_POINT ( 'NONE',  ( 0.05999999865889549949, 0.0000000000000000000, 0.08000000000000000167 ) ) ;
#1977 = LINE ( 'NONE', #1434, #962 ) ;
#1978 = ORIENTED_EDGE ( 'NONE', *, *, #1645, .T. ) ;
#1979 = DIRECTION ( 'NONE',  ( -1.000000000000000000, 0.0000000000000000000, -0.0000000000000000000 ) ) ;
#1980 = DIRECTION ( 'NONE',  ( 0.0000000000000000000, -1.000000000000000000, -0.0000000000000000000 ) ) ;
#1981 = ORIENTED_EDGE ( 'NONE', *, *, #565, .F. ) ;
#1982 = SURFACE_STYLE_FILL_AREA ( #1204 ) ;
#1983 = DIRECTION ( 'NONE',  ( 0.0000000000000000000, 0.0000000000000000000, 1.000000000000000000 ) ) ;
#1984 =( NAMED_UNIT ( * ) SI_UNIT ( $, .STERADIAN. ) SOLID_ANGLE_UNIT ( ) );
#1985 = LINE ( 'NONE', #114, #2326 ) ;
#1986 = DIRECTION ( 'NONE',  ( 0.0000000000000000000, -0.0000000000000000000, 1.000000000000000000 ) ) ;
#1987 = MECHANICAL_DESIGN_GEOMETRIC_PRESENTATION_REPRESENTATION (  '', ( #172 ), #564 ) ;
#1988 = CARTESIAN_POINT ( 'NONE',  ( 0.08999999999999999667, 0.02999999999999999889, 0.08000000000000000167 ) ) ;
#1989 = STYLED_ITEM ( 'NONE', ( #2059 ), #372 ) ;
#1990 = ADVANCED_FACE ( 'NONE', ( #805 ), #844, .T. ) ;
#1991 = PRESENTATION_LAYER_ASSIGNMENT (  '', '', ( #2071 ) ) ;
#1992 = ORIENTED_EDGE ( 'NONE', *, *, #1724, .T. ) ;
#1993 = ADVANCED_FACE ( 'NONE', ( #2242 ), #2088, .F. ) ;
#1994 = VECTOR ( 'NONE', #2134, 100.0000000000000000 ) ;
#1995 = MECHANICAL_DESIGN_GEOMETRIC_PRESENTATION_REPRESENTATION (  '', ( #966 ), #2573 ) ;
#1996 =( GEOMETRIC_REPRESENTATION_CONTEXT ( 3 ) GLOBAL_UNCERTAINTY_ASSIGNED_CONTEXT ( ( #1974 ) ) GLOBAL_UNIT_ASSIGNED_CONTEXT ( ( #1566, #1969, #559 ) ) REPRESENTATION_CONTEXT ( 'NONE', 'WORKASPACE' ) );
#1997 = ORIENTED_EDGE ( 'NONE', *, *, #1211, .T. ) ;
#1998 = STYLED_ITEM ( 'NONE', ( #2187 ), #1059 ) ;
#1999 = CARTESIAN_POINT ( 'NONE',  ( -0.05103553245306953479, 0.06749999999999999056, 0.05198223204120522994 ) ) ;
#2000 = VECTOR ( 'NONE', #878, 100.0000000000000000 ) ;
#2001 = ORIENTED_EDGE ( 'NONE', *, *, #2098, .F. ) ;
#2002 = CARTESIAN_POINT ( 'NONE',  ( -0.06499999854713681136, 0.06749999999999999056, 0.05198223204120522994 ) ) ;
#2003 = CARTESIAN_POINT ( 'NONE',  ( 0.07999999798834320219, 0.07000000000000000666, 0.06499999843537809796 ) ) ;
#2004 = MECHANICAL_DESIGN_GEOMETRIC_PRESENTATION_REPRESENTATION (  '', ( #489 ), #924 ) ;
#2005 = FACE_OUTER_BOUND ( 'NONE', #858, .T. ) ;
#2006 = COLOUR_RGB ( '',0.9529411764705881804, 0.8980392156862745390, 0.6549019607843137303 ) ;
#2007 = CARTESIAN_POINT ( 'NONE',  ( 0.08999999999999999667, 0.02999999999999999889, 0.08000000000000000167 ) ) ;
#2008 = FILL_AREA_STYLE_COLOUR ( '', #1857 ) ;
#2009 = EDGE_CURVE ( 'NONE', #237, #1681, #1687, .T. ) ;
#2010 = EDGE_LOOP ( 'NONE', ( #663, #816, #2313, #159 ) ) ;
#2011 = DIRECTION ( 'NONE',  ( 0.0000000000000000000, 0.0000000000000000000, -1.000000000000000000 ) ) ;
#2012 = CARTESIAN_POINT ( 'NONE',  ( -0.07999999854713683856, 0.06875000000000000555, 0.03749999899417160582 ) ) ;
#2013 = SURFACE_STYLE_FILL_AREA ( #415 ) ;
#2014 = CARTESIAN_POINT ( 'NONE',  ( -0.1000000000000000056, 0.02999999999999999889, 0.0000000000000000000 ) ) ;
#2015 = LINE ( 'NONE', #205, #790 ) ;
#2016 = ORIENTED_EDGE ( 'NONE', *, *, #1023, .T. ) ;
#2017 = DIRECTION ( 'NONE',  ( -0.0000000000000000000, 1.000000000000000000, -0.0000000000000000000 ) ) ;
#2018 = EDGE_CURVE ( 'NONE', #1048, #1647, #1864, .T. ) ;
#2019 = ORIENTED_EDGE ( 'NONE', *, *, #773, .F. ) ;
#2020 = DIRECTION ( 'NONE',  ( 1.000000000000000000, 0.0000000000000000000, -0.0000000000000000000 ) ) ;
#2021 = PRESENTATION_STYLE_ASSIGNMENT (( #163 ) ) ;
#2022 = CARTESIAN_POINT ( 'NONE',  ( -0.1000000000000000056, 0.02999999999999999889, -0.07000000000000002054 ) ) ;
#2023 = EDGE_CURVE ( 'NONE', #237, #1449, #2577, .T. ) ;
#2024 = ORIENTED_EDGE ( 'NONE', *, *, #1084, .T. ) ;
#2025 = CARTESIAN_POINT ( 'NONE',  ( 0.05999999865889549949, 0.0000000000000000000, 0.01999999955296519888 ) ) ;
#2026 = FACE_OUTER_BOUND ( 'NONE', #1207, .T. ) ;
#2027 = AXIS2_PLACEMENT_3D ( 'NONE', #900, #1859, #868 ) ;
#2028 = PRESENTATION_LAYER_ASSIGNMENT (  '', '', ( #2314 ) ) ;
#2029 = DIRECTION ( 'NONE',  ( -0.0000000000000000000, -1.000000000000000000, -0.0000000000000000000 ) ) ;
#2030 = VERTEX_POINT ( 'NONE', #21 ) ;
#2031 = CARTESIAN_POINT ( 'NONE',  ( -0.1000000000000000056, -0.0001000000000000000183, 0.07000000000000000666 ) ) ;
#2032 = VECTOR ( 'NONE', #2183, 100.0000000000000000 ) ;
#2033 = ORIENTED_EDGE ( 'NONE', *, *, #1225, .F. ) ;
#2034 = DIRECTION ( 'NONE',  ( 0.0000000000000000000, 0.0000000000000000000, -1.000000000000000000 ) ) ;
#2035 = EDGE_CURVE ( 'NONE', #1678, #2594, #1480, .T. ) ;
#2036 = DIRECTION ( 'NONE',  ( -0.0000000000000000000, 1.000000000000000000, -0.0000000000000000000 ) ) ;
#2037 = DIRECTION ( 'NONE',  ( 0.0000000000000000000, 0.0000000000000000000, 1.000000000000000000 ) ) ;
#2038 = VECTOR ( 'NONE', #1076, 100.0000000000000000 ) ;
#2039 = DIRECTION ( 'NONE',  ( -0.0000000000000000000, -1.000000000000000000, -0.0000000000000000000 ) ) ;
#2040 = VECTOR ( 'NONE', #2602, 100.0000000000000000 ) ;
#2041 = VECTOR ( 'NONE', #1737, 100.0000000000000000 ) ;
#2042 = ADVANCED_FACE ( 'NONE', ( #72 ), #1649, .T. ) ;
#2043 = DIRECTION ( 'NONE',  ( 0.0000000000000000000, 1.000000000000000000, 0.0000000000000000000 ) ) ;
#2044 = ORIENTED_EDGE ( 'NONE', *, *, #1645, .F. ) ;
#2045 = DIRECTION ( 'NONE',  ( 0.0000000000000000000, 1.000000000000000000, 0.0000000000000000000 ) ) ;
#2046 = ORIENTED_EDGE ( 'NONE', *, *, #1680, .F. ) ;
#2047 = CARTESIAN_POINT ( 'NONE',  ( 0.08499999798834320663, 0.06500000000000000222, 0.05999999843537810046 ) ) ;
#2048 = DIRECTION ( 'NONE',  ( 0.0000000000000000000, 0.0000000000000000000, 1.000000000000000000 ) ) ;
#2049 = CARTESIAN_POINT ( 'NONE',  ( -0.06499999854713679748, 0.07000000000000000666, 0.05374999899417159249 ) ) ;
#2050 = DIRECTION ( 'NONE',  ( 0.0000000000000000000, 1.000000000000000000, 0.0000000000000000000 ) ) ;
#2051 = ORIENTED_EDGE ( 'NONE', *, *, #1035, .T. ) ;
#2052 = CARTESIAN_POINT ( 'NONE',  ( 0.09999999776482580705, 0.0000000000000000000, 0.01999999955296519888 ) ) ;
#2053 = ADVANCED_FACE ( 'NONE', ( #1677 ), #2057, .T. ) ;
#2054 =( NAMED_UNIT ( * ) PLANE_ANGLE_UNIT ( ) SI_UNIT ( $, .RADIAN. ) );
#2055 = CARTESIAN_POINT ( 'NONE',  ( -0.1000000000000000056, 0.0000000000000000000, 0.04999999977648259680 ) ) ;
#2056 = ORIENTED_EDGE ( 'NONE', *, *, #1084, .F. ) ;
#2057 = PLANE ( 'NONE',  #1336 ) ;
#2058 = VERTEX_POINT ( 'NONE', #2070 ) ;
#2059 = PRESENTATION_STYLE_ASSIGNMENT (( #2091 ) ) ;
#2060 = CARTESIAN_POINT ( 'NONE',  ( -0.08999999999999999667, 0.0000000000000000000, 0.08000000000000000167 ) ) ;
#2061 = FACE_OUTER_BOUND ( 'NONE', #284, .T. ) ;
#2062 = DIRECTION ( 'NONE',  ( -1.000000000000000000, 0.0000000000000000000, -0.0000000000000000000 ) ) ;
#2063 = EDGE_CURVE ( 'NONE', #1570, #1686, #2271, .T. ) ;
#2064 = DIRECTION ( 'NONE',  ( -0.0000000000000000000, 0.0000000000000000000, -1.000000000000000000 ) ) ;
#2065 = EDGE_CURVE ( 'NONE', #1817, #80, #1439, .T. ) ;
#2066 =( LENGTH_UNIT ( ) NAMED_UNIT ( * ) SI_UNIT ( .CENTI., .METRE. ) );
#2067 = CIRCLE ( 'NONE', #2435, 0.005000000000000002706 ) ;
#2068 = ORIENTED_EDGE ( 'NONE', *, *, #332, .F. ) ;
#2069 = EDGE_CURVE ( 'NONE', #223, #1622, #224, .T. ) ;
#2070 = CARTESIAN_POINT ( 'NONE',  ( -0.1000000000000000056, 0.0000000000000000000, -0.07000000000000000666 ) ) ;
#2071 = STYLED_ITEM ( 'NONE', ( #1589 ), #419 ) ;
#2072 = PRESENTATION_LAYER_ASSIGNMENT (  '', '', ( #1627 ) ) ;
#2073 = ORIENTED_EDGE ( 'NONE', *, *, #1256, .T. ) ;
#2074 = AXIS2_PLACEMENT_3D ( 'NONE', #216, #383, #1614 ) ;
#2075 =( NAMED_UNIT ( * ) SI_UNIT ( $, .STERADIAN. ) SOLID_ANGLE_UNIT ( ) );
#2076 = DIRECTION ( 'NONE',  ( -0.0000000000000000000, 1.000000000000000000, -0.0000000000000000000 ) ) ;
#2077 = DIRECTION ( 'NONE',  ( 1.000000000000000000, 0.0000000000000000000, -0.0000000000000000000 ) ) ;
#2078 = CYLINDRICAL_SURFACE ( 'NONE', #1961, 0.01000000000000000541 ) ;
#2079 = UNCERTAINTY_MEASURE_WITH_UNIT (LENGTH_MEASURE( 1.000000000000000082E-05 ), #2092, 'distance_accuracy_value', 'NONE');
#2080 = VECTOR ( 'NONE', #1311, 100.0000000000000000 ) ;
#2081 = ORIENTED_EDGE ( 'NONE', *, *, #2069, .T. ) ;
#2082 = VECTOR ( 'NONE', #1734, 100.0000000000000000 ) ;
#2083 = AXIS2_PLACEMENT_3D ( 'NONE', #823, #2029, #1408 ) ;
#2084 = SURFACE_SIDE_STYLE ('',( #1118 ) ) ;
#2085 = AXIS2_PLACEMENT_3D ( 'NONE', #1335, #2126, #1944 ) ;
#2086 = DIRECTION ( 'NONE',  ( 0.0000000000000000000, 0.0000000000000000000, 1.000000000000000000 ) ) ;
#2087 = VERTEX_POINT ( 'NONE', #2452 ) ;
#2088 = CYLINDRICAL_SURFACE ( 'NONE', #2248, 0.005000000000000002706 ) ;
#2089 = EDGE_CURVE ( 'NONE', #1183, #1474, #2428, .T. ) ;
#2090 = ORIENTED_EDGE ( 'NONE', *, *, #2106, .T. ) ;
#2091 = SURFACE_STYLE_USAGE ( .BOTH. , #883 ) ;
#2092 =( LENGTH_UNIT ( ) NAMED_UNIT ( * ) SI_UNIT ( .CENTI., .METRE. ) );
#2093 = LINE ( 'NONE', #1692, #1091 ) ;
#2094 = CARTESIAN_POINT ( 'NONE',  ( 0.05999999865889549949, 0.0000000000000000000, -0.08000000000000000167 ) ) ;
#2095 =( NAMED_UNIT ( * ) SI_UNIT ( $, .STERADIAN. ) SOLID_ANGLE_UNIT ( ) );
#2096 = ORIENTED_EDGE ( 'NONE', *, *, #991, .T. ) ;
#2097 = FILL_AREA_STYLE ('',( #732 ) ) ;
#2098 = EDGE_CURVE ( 'NONE', #768, #1175, #763, .T. ) ;
#2099 = EDGE_LOOP ( 'NONE', ( #2024, #965, #737, #947, #1992, #435, #2538, #843 ) ) ;
#2100 = CARTESIAN_POINT ( 'NONE',  ( -0.06499999854713679748, 0.07000000000000000666, 0.03624999899417159777 ) ) ;
#2101 = ADVANCED_FACE ( 'NONE', ( #1713 ), #1517, .F. ) ;
#2102 = UNCERTAINTY_MEASURE_WITH_UNIT (LENGTH_MEASURE( 1.000000000000000082E-05 ), #2513, 'distance_accuracy_value', 'NONE');
#2103 = ORIENTED_EDGE ( 'NONE', *, *, #1965, .F. ) ;
#2104 = DIRECTION ( 'NONE',  ( 1.000000000000000000, 0.0000000000000000000, 0.0000000000000000000 ) ) ;
#2105 = FILL_AREA_STYLE ('',( #2497 ) ) ;
#2106 = EDGE_CURVE ( 'NONE', #1975, #63, #126, .T. ) ;
#2107 = SURFACE_STYLE_USAGE ( .BOTH. , #671 ) ;
#2108 = CARTESIAN_POINT ( 'NONE',  ( -0.07749999854713679470, 0.06750000000000000444, 0.03874999899417162774 ) ) ;
#2109 = FILL_AREA_STYLE ('',( #288 ) ) ;
#2110 = LINE ( 'NONE', #1695, #652 ) ;
#2111 = EDGE_LOOP ( 'NONE', ( #538, #1215, #927, #1323 ) ) ;
#2112 =( LENGTH_UNIT ( ) NAMED_UNIT ( * ) SI_UNIT ( .CENTI., .METRE. ) );
#2113 = FILL_AREA_STYLE ('',( #1116 ) ) ;
#2114 = PRESENTATION_LAYER_ASSIGNMENT (  '', '', ( #1701 ) ) ;
#2115 = CARTESIAN_POINT ( 'NONE',  ( -0.1000000000000000056, 0.02999999999999999889, 0.06999999999999999278 ) ) ;
#2116 = VECTOR ( 'NONE', #1284, 100.0000000000000000 ) ;
#2117 = PRODUCT_RELATED_PRODUCT_CATEGORY ( 'part', '', ( #1543 ) ) ;
#2118 = ORIENTED_EDGE ( 'NONE', *, *, #736, .F. ) ;
#2119 = VECTOR ( 'NONE', #504, 100.0000000000000000 ) ;
#2120 = CARTESIAN_POINT ( 'NONE',  ( 0.1000000000000000056, 0.0000000000000000000, 0.08000000000000000167 ) ) ;
#2121 = EDGE_CURVE ( 'NONE', #2591, #1420, #2492, .T. ) ;
#2122 = CIRCLE ( 'NONE', #1053, 0.001249999999999997858 ) ;
#2123 = VECTOR ( 'NONE', #1001, 100.0000000000000000 ) ;
#2124 = PLANE ( 'NONE',  #1705 ) ;
#2125 = VERTEX_POINT ( 'NONE', #1752 ) ;
#2126 = DIRECTION ( 'NONE',  ( 0.0000000000000000000, 1.000000000000000000, 0.0000000000000000000 ) ) ;
#2127 = VECTOR ( 'NONE', #2552, 100.0000000000000000 ) ;
#2128 = ORIENTED_EDGE ( 'NONE', *, *, #1268, .T. ) ;
#2129 = PRESENTATION_STYLE_ASSIGNMENT (( #294 ) ) ;
#2130 = DIRECTION ( 'NONE',  ( 0.0000000000000000000, 0.0000000000000000000, -1.000000000000000000 ) ) ;
#2131 = ORIENTED_EDGE ( 'NONE', *, *, #969, .F. ) ;
#2132 =( LENGTH_UNIT ( ) NAMED_UNIT ( * ) SI_UNIT ( .CENTI., .METRE. ) );
#2133 = DIRECTION ( 'NONE',  ( 0.0000000000000000000, 1.000000000000000000, 0.0000000000000000000 ) ) ;
#2134 = DIRECTION ( 'NONE',  ( -0.0000000000000000000, -1.000000000000000000, 0.0000000000000000000 ) ) ;
#2135 =( NAMED_UNIT ( * ) PLANE_ANGLE_UNIT ( ) SI_UNIT ( $, .RADIAN. ) );
#2136 = ADVANCED_FACE ( 'NONE', ( #146 ), #1139, .F. ) ;
#2137 = ORIENTED_EDGE ( 'NONE', *, *, #963, .F. ) ;
#2138 = LINE ( 'NONE', #551, #1710 ) ;
#2139 = ORIENTED_EDGE ( 'NONE', *, *, #2106, .F. ) ;
#2140 = FILL_AREA_STYLE_COLOUR ( '', #2255 ) ;
#2141 =( LENGTH_UNIT ( ) NAMED_UNIT ( * ) SI_UNIT ( .CENTI., .METRE. ) );
#2142 = CARTESIAN_POINT ( 'NONE',  ( 0.08499999798834320663, 0.06500000000000000222, -0.06499999843537809796 ) ) ;
#2143 = ORIENTED_EDGE ( 'NONE', *, *, #1085, .F. ) ;
#2144 = CARTESIAN_POINT ( 'NONE',  ( 0.08499999798834320663, 0.07000000000000000666, -0.05999999843537810046 ) ) ;
#2145 = CARTESIAN_POINT ( 'NONE',  ( -0.08103553245306953368, 0.06999999999999999278, 0.05301776594713796670 ) ) ;
#2146 = CYLINDRICAL_SURFACE ( 'NONE', #1333, 0.005000000000000002706 ) ;
#2147 = ORIENTED_EDGE ( 'NONE', *, *, #782, .F. ) ;
#2148 = CARTESIAN_POINT ( 'NONE',  ( -0.08999999798834321107, 0.06500000000000000222, -0.06499999843537809796 ) ) ;
#2149 = EDGE_CURVE ( 'NONE', #2444, #33, #1362, .T. ) ;
#2150 = EDGE_LOOP ( 'NONE', ( #2535, #2001, #2427, #761 ) ) ;
#2151 = CARTESIAN_POINT ( 'NONE',  ( -0.1000000000000000056, -0.0001000000000000000183, -0.08000000000000000167 ) ) ;
#2152 = UNCERTAINTY_MEASURE_WITH_UNIT (LENGTH_MEASURE( 1.000000000000000082E-05 ), #2066, 'distance_accuracy_value', 'NONE');
#2153 = ORIENTED_EDGE ( 'NONE', *, *, #497, .T. ) ;
#2154 = CARTESIAN_POINT ( 'NONE',  ( -0.08499999798834320663, 0.06500000000000000222, 0.06499999843537809796 ) ) ;
#2155 = LINE ( 'NONE', #353, #523 ) ;
#2156 = AXIS2_PLACEMENT_3D ( 'NONE', #430, #2263, #897 ) ;
#2157 = AXIS2_PLACEMENT_3D ( 'NONE', #425, #860, #1235 ) ;
#2158 = PRESENTATION_LAYER_ASSIGNMENT (  '', '', ( #703 ) ) ;
#2159 = DIRECTION ( 'NONE',  ( 0.0000000000000000000, -1.000000000000000000, 0.0000000000000000000 ) ) ;
#2160 = VECTOR ( 'NONE', #1405, 100.0000000000000000 ) ;
#2161 = ORIENTED_EDGE ( 'NONE', *, *, #1884, .F. ) ;
#2162 = AXIS2_PLACEMENT_3D ( 'NONE', #619, #1607, #1411 ) ;
#2163 = FACE_OUTER_BOUND ( 'NONE', #1650, .T. ) ;
#2164 = CIRCLE ( 'NONE', #53, 0.01000000000000000541 ) ;
#2165 = VERTEX_POINT ( 'NONE', #2148 ) ;
#2166 = DIRECTION ( 'NONE',  ( -2.312964617402810242E-16, 0.0000000000000000000, -1.000000000000000000 ) ) ;
#2167 = VECTOR ( 'NONE', #1980, 100.0000000000000000 ) ;
#2168 = CARTESIAN_POINT ( 'NONE',  ( -0.06499999854713679748, 0.06875000000000000555, 0.03749999899417159194 ) ) ;
#2169 = EDGE_CURVE ( 'NONE', #1250, #935, #983, .T. ) ;
#2170 = AXIS2_PLACEMENT_3D ( 'NONE', #2445, #2, #250 ) ;
#2171 = CARTESIAN_POINT ( 'NONE',  ( -0.07999999798834320219, 0.06500000000000000222, -0.06499999843537809796 ) ) ;
#2172 = FACE_OUTER_BOUND ( 'NONE', #827, .T. ) ;
#2173 = CARTESIAN_POINT ( 'NONE',  ( -0.06499999854713681136, 0.06948223304703364522, 0.03749999899417158500 ) ) ;
#2174 = ORIENTED_EDGE ( 'NONE', *, *, #1085, .T. ) ;
#2175 = CARTESIAN_POINT ( 'NONE',  ( 0.1000000000000000056, 0.02999999999999999889, -0.07000000000000000666 ) ) ;
#2176 = DIRECTION ( 'NONE',  ( 0.0000000000000000000, 0.0000000000000000000, 1.000000000000000000 ) ) ;
#2177 = ORIENTED_EDGE ( 'NONE', *, *, #201, .F. ) ;
#2178 = CARTESIAN_POINT ( 'NONE',  ( -0.04999999854713675640, 0.06948223304703363135, 0.05249999899417157750 ) ) ;
#2179 = CARTESIAN_POINT ( 'NONE',  ( -0.06499999854713681136, 0.06749999999999999056, 0.03801776594713796725 ) ) ;
#2180 = EDGE_CURVE ( 'NONE', #1316, #2412, #2473, .T. ) ;
#2181 = ORIENTED_EDGE ( 'NONE', *, *, #782, .T. ) ;
#2182 = EDGE_CURVE ( 'NONE', #420, #2584, #705, .T. ) ;
#2183 = DIRECTION ( 'NONE',  ( -0.0000000000000000000, 1.000000000000000000, 0.0000000000000000000 ) ) ;
#2184 = SURFACE_SIDE_STYLE ('',( #599 ) ) ;
#2185 = DIRECTION ( 'NONE',  ( 0.0000000000000000000, 0.0000000000000000000, -1.000000000000000000 ) ) ;
#2186 = ORIENTED_EDGE ( 'NONE', *, *, #1536, .F. ) ;
#2187 = PRESENTATION_STYLE_ASSIGNMENT (( #2563 ) ) ;
#2188 = ORIENTED_EDGE ( 'NONE', *, *, #598, .F. ) ;
#2189 = CARTESIAN_POINT ( 'NONE',  ( 0.07999999932944780456, 0.0000000000000000000, -0.01999999955296519541 ) ) ;
#2190 = VERTEX_POINT ( 'NONE', #1386 ) ;
#2191 = DIRECTION ( 'NONE',  ( 0.0000000000000000000, 0.0000000000000000000, 1.000000000000000000 ) ) ;
#2192 = SURFACE_STYLE_FILL_AREA ( #1381 ) ;
#2193 = CIRCLE ( 'NONE', #958, 0.005000000000000002706 ) ;
#2194 = ORIENTED_EDGE ( 'NONE', *, *, #1530, .T. ) ;
#2195 = DIRECTION ( 'NONE',  ( 0.0000000000000000000, 0.0000000000000000000, -1.000000000000000000 ) ) ;
#2196 = LINE ( 'NONE', #1017, #46 ) ;
#2197 = VECTOR ( 'NONE', #525, 100.0000000000000000 ) ;
#2198 = MECHANICAL_DESIGN_GEOMETRIC_PRESENTATION_REPRESENTATION (  '', ( #745 ), #133 ) ;
#2199 = CARTESIAN_POINT ( 'NONE',  ( -0.07999999798834320219, 0.06500000000000000222, 0.06499999843537811184 ) ) ;
#2200 = FACE_OUTER_BOUND ( 'NONE', #1738, .T. ) ;
#2201 = MECHANICAL_DESIGN_GEOMETRIC_PRESENTATION_REPRESENTATION (  '', ( #964 ), #610 ) ;
#2202 = PRESENTATION_LAYER_ASSIGNMENT (  '', '', ( #2325 ) ) ;
#2203 = AXIS2_PLACEMENT_3D ( 'NONE', #193, #2221, #2421 ) ;
#2204 = ORIENTED_EDGE ( 'NONE', *, *, #701, .T. ) ;
#2205 = AXIS2_PLACEMENT_3D ( 'NONE', #2536, #333, #2578 ) ;
#2206 = VECTOR ( 'NONE', #48, 100.0000000000000000 ) ;
#2207 = EDGE_LOOP ( 'NONE', ( #903, #2429, #113, #863 ) ) ;
#2208 = FILL_AREA_STYLE_COLOUR ( '', #2518 ) ;
#2209 = FILL_AREA_STYLE_COLOUR ( '', #1788 ) ;
#2210 = DIRECTION ( 'NONE',  ( -0.0000000000000000000, -1.000000000000000000, -0.0000000000000000000 ) ) ;
#2211 = DIRECTION ( 'NONE',  ( 0.0000000000000000000, 0.0000000000000000000, -1.000000000000000000 ) ) ;
#2212 = ADVANCED_FACE ( 'NONE', ( #2352 ), #1022, .F. ) ;
#2213 = CARTESIAN_POINT ( 'NONE',  ( -0.08499999798834320663, 0.06500000000000000222, -0.06999999843537810240 ) ) ;
#2214 = ORIENTED_EDGE ( 'NONE', *, *, #1820, .T. ) ;
#2215 = EDGE_CURVE ( 'NONE', #1420, #922, #376, .T. ) ;
#2216 =( NAMED_UNIT ( * ) SI_UNIT ( $, .STERADIAN. ) SOLID_ANGLE_UNIT ( ) );
#2217 = FACE_OUTER_BOUND ( 'NONE', #1020, .T. ) ;
#2218 = MANIFOLD_SURFACE_SHAPE_REPRESENTATION ( '3948B7D7-539F-4C5B-AE0E-FDF19214647D', ( #1059, #191 ), #1019 ) ;
#2219 = FILL_AREA_STYLE ('',( #1623 ) ) ;
#2220 = CARTESIAN_POINT ( 'NONE',  ( 0.1000000000000000056, 0.0000000000000000000, -0.07000000000000000666 ) ) ;
#2221 = DIRECTION ( 'NONE',  ( 1.000000000000000000, 0.0000000000000000000, -0.0000000000000000000 ) ) ;
#2222 = DIRECTION ( 'NONE',  ( 0.0000000000000000000, 0.0000000000000000000, 1.000000000000000000 ) ) ;
#2223 = DIRECTION ( 'NONE',  ( -0.0000000000000000000, 0.0000000000000000000, -1.000000000000000000 ) ) ;
#2224 = UNCERTAINTY_MEASURE_WITH_UNIT (LENGTH_MEASURE( 1.000000000000000082E-05 ), #1329, 'distance_accuracy_value', 'NONE');
#2225 = LINE ( 'NONE', #221, #2529 ) ;
#2226 = ORIENTED_EDGE ( 'NONE', *, *, #112, .F. ) ;
#2227 = SURFACE_SIDE_STYLE ('',( #1661 ) ) ;
#2228 = CARTESIAN_POINT ( 'NONE',  ( -0.1000000000000000056, 0.0000000000000000000, 0.06999999999999999278 ) ) ;
#2229 = ORIENTED_EDGE ( 'NONE', *, *, #565, .T. ) ;
#2230 = SURFACE_STYLE_USAGE ( .BOTH. , #1441 ) ;
#2231 = CARTESIAN_POINT ( 'NONE',  ( 0.08999999798834321107, 0.06500000000000000222, 0.06499999843537809796 ) ) ;
#2232 = CARTESIAN_POINT ( 'NONE',  ( -0.1000000000000000056, 0.02999999999999999889, 0.08000000000000000167 ) ) ;
#2233 = CARTESIAN_POINT ( 'NONE',  ( -0.1000000000000000056, 0.0000000000000000000, -0.05000000000000000278 ) ) ;
#2234 = DIRECTION ( 'NONE',  ( 0.0000000000000000000, 0.0000000000000000000, -1.000000000000000000 ) ) ;
#2235 = LINE ( 'NONE', #437, #1582 ) ;
#2236 = SURFACE_SIDE_STYLE ('',( #1447 ) ) ;
#2237 = AXIS2_PLACEMENT_3D ( 'NONE', #2463, #2431, #2048 ) ;
#2238 = FILL_AREA_STYLE ('',( #1840 ) ) ;
#2239 = VECTOR ( 'NONE', #1629, 100.0000000000000000 ) ;
#2240 = VERTEX_POINT ( 'NONE', #1202 ) ;
#2241 = CIRCLE ( 'NONE', #311, 0.01000000000000000541 ) ;
#2242 = FACE_OUTER_BOUND ( 'NONE', #2150, .T. ) ;
#2243 = AXIS2_PLACEMENT_3D ( 'NONE', #692, #1473, #1068 ) ;
#2244 =( GEOMETRIC_REPRESENTATION_CONTEXT ( 3 ) GLOBAL_UNCERTAINTY_ASSIGNED_CONTEXT ( ( #995 ) ) GLOBAL_UNIT_ASSIGNED_CONTEXT ( ( #1191, #197, #235 ) ) REPRESENTATION_CONTEXT ( 'NONE', 'WORKASPACE' ) );
#2245 = ORIENTED_EDGE ( 'NONE', *, *, #514, .F. ) ;
#2246 = DIRECTION ( 'NONE',  ( 0.0000000000000000000, 0.0000000000000000000, 1.000000000000000000 ) ) ;
#2247 = LINE ( 'NONE', #885, #1182 ) ;
#2248 = AXIS2_PLACEMENT_3D ( 'NONE', #1275, #661, #688 ) ;
#2249 = FILL_AREA_STYLE_COLOUR ( '', #1374 ) ;
#2250 = EDGE_LOOP ( 'NONE', ( #99, #2330, #540, #1882, #445, #597, #448, #134 ) ) ;
#2251 = CARTESIAN_POINT ( 'NONE',  ( 0.07999999798834320219, 0.06500000000000000222, 0.05999999843537810046 ) ) ;
#2252 =( LENGTH_UNIT ( ) NAMED_UNIT ( * ) SI_UNIT ( .CENTI., .METRE. ) );
#2253 = EDGE_CURVE ( 'NONE', #1975, #1562, #168, .T. ) ;
#2254 = CARTESIAN_POINT ( 'NONE',  ( -0.08999999798834321107, 0.05999999999999999778, -0.06499999843537809796 ) ) ;
#2255 = COLOUR_RGB ( '',0.9529411764705881804, 0.8980392156862745390, 0.6549019607843137303 ) ;
#2256 = CARTESIAN_POINT ( 'NONE',  ( 0.1000000000000000056, 0.02999999999999999889, 0.0000000000000000000 ) ) ;
#2257 = DIRECTION ( 'NONE',  ( -0.0000000000000000000, -1.000000000000000000, -0.0000000000000000000 ) ) ;
#2258 = EDGE_LOOP ( 'NONE', ( #2229, #1041, #867, #1844, #2320, #2453, #1036, #1227 ) ) ;
#2259 = APPLICATION_PROTOCOL_DEFINITION ( 'draft international standard', 'automotive_design', 1998, #1598 ) ;
#2260 = SURFACE_SIDE_STYLE ('',( #1894 ) ) ;
#2261 = EDGE_LOOP ( 'NONE', ( #2315, #834, #1, #1962 ) ) ;
#2262 = PLANE ( 'NONE',  #1714 ) ;
#2263 = DIRECTION ( 'NONE',  ( -0.0000000000000000000, 1.000000000000000000, -0.0000000000000000000 ) ) ;
#2264 = FACE_OUTER_BOUND ( 'NONE', #1535, .T. ) ;
#2265 = ADVANCED_FACE ( 'NONE', ( #1786 ), #1643, .F. ) ;
#2266 = EDGE_CURVE ( 'NONE', #1531, #2407, #2347, .T. ) ;
#2267 = ORIENTED_EDGE ( 'NONE', *, *, #514, .T. ) ;
#2268 = CARTESIAN_POINT ( 'NONE',  ( -0.05999999865889549949, -0.0001000000000000000183, 0.08000000000000000167 ) ) ;
#2269 = CARTESIAN_POINT ( 'NONE',  ( -0.1000000000000000056, -0.0001000000000000000183, -0.02000000000000000042 ) ) ;
#2270 = ORIENTED_EDGE ( 'NONE', *, *, #2215, .T. ) ;
#2271 = LINE ( 'NONE', #248, #531 ) ;
#2272 =( BOUNDED_CURVE ( )  B_SPLINE_CURVE ( 3, ( #856, #1846, #2501, #2049 ),
 .UNSPECIFIED., .F., .T. ) 
 B_SPLINE_CURVE_WITH_KNOTS ( ( 4, 4 ),
 ( 0.7500000000000000000, 1.250000000000000000 ),
 .UNSPECIFIED. ) 
 CURVE ( )  GEOMETRIC_REPRESENTATION_ITEM ( )  RATIONAL_B_SPLINE_CURVE ( ( 1.000000000000000000, 0.3333333333333333703, 0.3333333333333333703, 1.000000000000000000 ) ) 
 REPRESENTATION_ITEM ( '' )  );
#2273 = ORIENTED_EDGE ( 'NONE', *, *, #2348, .F. ) ;
#2274 = CARTESIAN_POINT ( 'NONE',  ( -0.1000000000000000056, 0.0000000000000000000, 0.07000000000000000666 ) ) ;
#2275 = CARTESIAN_POINT ( 'NONE',  ( -0.1000000000000000056, 0.0000000000000000000, -0.08000000000000000167 ) ) ;
#2276 = CARTESIAN_POINT ( 'NONE',  ( 0.1000000000000000056, 0.02999999999999999889, 0.08000000000000000167 ) ) ;
#2277 = FILL_AREA_STYLE_COLOUR ( '', #1787 ) ;
#2278 = CARTESIAN_POINT ( 'NONE',  ( 0.1000000000000000056, 0.0000000000000000000, 0.07000000000000000666 ) ) ;
#2279 = ADVANCED_FACE ( 'NONE', ( #1132 ), #1722, .T. ) ;
#2280 = CARTESIAN_POINT ( 'NONE',  ( -0.08999999999999999667, 0.0000000000000000000, -0.08000000000000000167 ) ) ;
#2281 = EDGE_CURVE ( 'NONE', #1681, #1596, #109, .T. ) ;
#2282 = AXIS2_PLACEMENT_3D ( 'NONE', #1575, #1564, #953 ) ;
#2283 = VERTEX_POINT ( 'NONE', #1805 ) ;
#2284 = CARTESIAN_POINT ( 'NONE',  ( -0.07999999798834320219, 0.07000000000000000666, 0.05999999843537810046 ) ) ;
#2285 = STYLED_ITEM ( 'NONE', ( #807 ), #231 ) ;
#2286 = VERTEX_POINT ( 'NONE', #1160 ) ;
#2287 = VECTOR ( 'NONE', #1321, 100.0000000000000000 ) ;
#2288 = DIRECTION ( 'NONE',  ( -0.0000000000000000000, -0.0000000000000000000, -1.000000000000000000 ) ) ;
#2289 = SURFACE_SIDE_STYLE ('',( #886 ) ) ;
#2290 = COLOUR_RGB ( '',0.8156862745098039102, 0.8156862745098039102, 0.8156862745098039102 ) ;
#2291 = DIRECTION ( 'NONE',  ( -0.0000000000000000000, -1.000000000000000000, -0.0000000000000000000 ) ) ;
#2292 = MECHANICAL_DESIGN_GEOMETRIC_PRESENTATION_REPRESENTATION (  '', ( #484 ), #704 ) ;
#2293 = CARTESIAN_POINT ( 'NONE',  ( 0.1000000000000000056, 0.0000000000000000000, -0.08000000000000000167 ) ) ;
#2294 = PRESENTATION_STYLE_ASSIGNMENT (( #1272 ) ) ;
#2295 = STYLED_ITEM ( 'NONE', ( #1372 ), #2212 ) ;
#2296 = COLOUR_RGB ( '',0.6274509803921568540, 0.6274509803921568540, 0.6274509803921568540 ) ;
#2297 = ADVANCED_FACE ( 'NONE', ( #1538 ), #980, .T. ) ;
#2298 = ORIENTED_EDGE ( 'NONE', *, *, #2515, .F. ) ;
#2299 = CARTESIAN_POINT ( 'NONE',  ( -0.08999999798834321107, 0.05999999999999999778, 0.06499999843537809796 ) ) ;
#2300 = ORIENTED_EDGE ( 'NONE', *, *, #152, .F. ) ;
#2301 =( NAMED_UNIT ( * ) PLANE_ANGLE_UNIT ( ) SI_UNIT ( $, .RADIAN. ) );
#2302 = FILL_AREA_STYLE_COLOUR ( '', #1824 ) ;
#2303 = DIRECTION ( 'NONE',  ( 0.0000000000000000000, 1.000000000000000000, 0.0000000000000000000 ) ) ;
#2304 = CARTESIAN_POINT ( 'NONE',  ( -0.06499999854713681136, 0.06801776695296636588, 0.03749999899417159194 ) ) ;
#2305 = CARTESIAN_POINT ( 'NONE',  ( 0.07999999798834321607, 0.06500000000000000222, 0.06499999843537809796 ) ) ;
#2306 = ORIENTED_EDGE ( 'NONE', *, *, #397, .T. ) ;
#2307 = VERTEX_POINT ( 'NONE', #1346 ) ;
#2308 = CARTESIAN_POINT ( 'NONE',  ( -0.07999999932944780456, 0.0000000000000000000, 0.08000000000000000167 ) ) ;
#2309 = SURFACE_SIDE_STYLE ('',( #1328 ) ) ;
#2310 = UNCERTAINTY_MEASURE_WITH_UNIT (LENGTH_MEASURE( 1.000000000000000082E-05 ), #1617, 'distance_accuracy_value', 'NONE');
#2311 = ORIENTED_EDGE ( 'NONE', *, *, #1518, .F. ) ;
#2312 =( LENGTH_UNIT ( ) NAMED_UNIT ( * ) SI_UNIT ( .CENTI., .METRE. ) );
#2313 = ORIENTED_EDGE ( 'NONE', *, *, #1486, .T. ) ;
#2314 = STYLED_ITEM ( 'NONE', ( #988 ), #1059 ) ;
#2315 = ORIENTED_EDGE ( 'NONE', *, *, #1101, .T. ) ;
#2316 = FACE_OUTER_BOUND ( 'NONE', #2385, .T. ) ;
#2317 = DIRECTION ( 'NONE',  ( 0.0000000000000000000, 0.0000000000000000000, 1.000000000000000000 ) ) ;
#2318 = PRESENTATION_LAYER_ASSIGNMENT (  '', '', ( #1989 ) ) ;
#2319 =( GEOMETRIC_REPRESENTATION_CONTEXT ( 3 ) GLOBAL_UNCERTAINTY_ASSIGNED_CONTEXT ( ( #971 ) ) GLOBAL_UNIT_ASSIGNED_CONTEXT ( ( #505, #715, #2458 ) ) REPRESENTATION_CONTEXT ( 'NONE', 'WORKASPACE' ) );
#2320 = ORIENTED_EDGE ( 'NONE', *, *, #1302, .T. ) ;
#2321 = ADVANCED_FACE ( 'NONE', ( #1526 ), #200, .T. ) ;
#2322 = CARTESIAN_POINT ( 'NONE',  ( 0.0000000000000000000, 0.02999999999999999889, 0.0000000000000000000 ) ) ;
#2323 = VECTOR ( 'NONE', #955, 100.0000000000000000 ) ;
#2324 = LINE ( 'NONE', #2510, #1703 ) ;
#2325 = STYLED_ITEM ( 'NONE', ( #2509 ), #879 ) ;
#2326 = VECTOR ( 'NONE', #2077, 100.0000000000000000 ) ;
#2327 = VECTOR ( 'NONE', #1266, 100.0000000000000000 ) ;
#2328 = ORIENTED_EDGE ( 'NONE', *, *, #397, .F. ) ;
#2329 = MECHANICAL_DESIGN_GEOMETRIC_PRESENTATION_REPRESENTATION (  '', ( #2411 ), #1881 ) ;
#2330 = ORIENTED_EDGE ( 'NONE', *, *, #736, .T. ) ;
#2331 = CARTESIAN_POINT ( 'NONE',  ( 0.07999999932944780456, -0.0001000000000000000183, -0.04999999977648259680 ) ) ;
#2332 = UNCERTAINTY_MEASURE_WITH_UNIT (LENGTH_MEASURE( 1.000000000000000082E-05 ), #327, 'distance_accuracy_value', 'NONE');
#2333 = ORIENTED_EDGE ( 'NONE', *, *, #1180, .F. ) ;
#2334 = EDGE_CURVE ( 'NONE', #22, #562, #1187, .T. ) ;
#2335 = FILL_AREA_STYLE ('',( #1159 ) ) ;
#2336 = CARTESIAN_POINT ( 'NONE',  ( -0.07999999854713682468, 0.06801776695296636588, 0.05249999899417160526 ) ) ;
#2337 = FACE_OUTER_BOUND ( 'NONE', #1350, .T. ) ;
#2338 = EDGE_CURVE ( 'NONE', #247, #2190, #1610, .T. ) ;
#2339 = ORIENTED_EDGE ( 'NONE', *, *, #2182, .T. ) ;
#2340 = PRESENTATION_STYLE_ASSIGNMENT (( #992 ) ) ;
#2341 = VERTEX_POINT ( 'NONE', #2047 ) ;
#2342 = PRESENTATION_STYLE_ASSIGNMENT (( #1790 ) ) ;
#2343 =( NAMED_UNIT ( * ) SI_UNIT ( $, .STERADIAN. ) SOLID_ANGLE_UNIT ( ) );
#2344 = FILL_AREA_STYLE_COLOUR ( '', #183 ) ;
#2345 = LINE ( 'NONE', #1158, #1054 ) ;
#2346 = CARTESIAN_POINT ( 'NONE',  ( -0.09999999999999997780, 0.0000000000000000000, -0.07000000000000000666 ) ) ;
#2347 = LINE ( 'NONE', #1567, #1920 ) ;
#2348 = EDGE_CURVE ( 'NONE', #1250, #1825, #1638, .T. ) ;
#2349 = ORIENTED_EDGE ( 'NONE', *, *, #1199, .F. ) ;
#2350 = ADVANCED_FACE ( 'NONE', ( #1078 ), #1831, .T. ) ;
#2351 = PLANE ( 'NONE',  #2205 ) ;
#2352 = FACE_OUTER_BOUND ( 'NONE', #2111, .T. ) ;
#2353 = VERTEX_POINT ( 'NONE', #2420 ) ;
#2354 = CARTESIAN_POINT ( 'NONE',  ( -0.06499999854713681136, 0.07000000000000000666, 0.03698223204120523050 ) ) ;
#2355 = UNCERTAINTY_MEASURE_WITH_UNIT (LENGTH_MEASURE( 1.000000000000000082E-05 ), #1413, 'distance_accuracy_value', 'NONE');
#2356 = VECTOR ( 'NONE', #726, 100.0000000000000000 ) ;
#2357 = ORIENTED_EDGE ( 'NONE', *, *, #31, .T. ) ;
#2358 = AXIS2_PLACEMENT_3D ( 'NONE', #394, #1624, #1217 ) ;
#2359 = PLANE ( 'NONE',  #1290 ) ;
#2360 = PRESENTATION_STYLE_ASSIGNMENT (( #1344 ) ) ;
#2361 = VECTOR ( 'NONE', #1630, 100.0000000000000000 ) ;
#2362 = DIRECTION ( 'NONE',  ( 0.0000000000000000000, -0.0000000000000000000, -1.000000000000000000 ) ) ;
#2363 = MECHANICAL_DESIGN_GEOMETRIC_PRESENTATION_REPRESENTATION (  '', ( #350 ), #1996 ) ;
#2364 = AXIS2_PLACEMENT_3D ( 'NONE', #416, #1234, #2222 ) ;
#2365 = ORIENTED_EDGE ( 'NONE', *, *, #68, .T. ) ;
#2366 =( NAMED_UNIT ( * ) SI_UNIT ( $, .STERADIAN. ) SOLID_ANGLE_UNIT ( ) );
#2367 = EDGE_CURVE ( 'NONE', #2353, #792, #55, .T. ) ;
#2368 =( LENGTH_UNIT ( ) NAMED_UNIT ( * ) SI_UNIT ( .CENTI., .METRE. ) );
#2369 = ADVANCED_FACE ( 'NONE', ( #1470 ), #1651, .F. ) ;
#2370 = EDGE_LOOP ( 'NONE', ( #328, #1727, #9, #366, #1489, #2204, #521, #1604 ) ) ;
#2371 = CARTESIAN_POINT ( 'NONE',  ( -0.04896446464120402658, 0.07000000000000000666, 0.05301776594713795976 ) ) ;
#2372 = CARTESIAN_POINT ( 'NONE',  ( 0.1000000000000000056, 0.02999999999999999889, -0.07000000000000000666 ) ) ;
#2373 = FACE_OUTER_BOUND ( 'NONE', #639, .T. ) ;
#2374 =( NAMED_UNIT ( * ) PLANE_ANGLE_UNIT ( ) SI_UNIT ( $, .RADIAN. ) );
#2375 = DIRECTION ( 'NONE',  ( 0.0000000000000000000, 1.000000000000000000, 0.0000000000000000000 ) ) ;
#2376 = CYLINDRICAL_SURFACE ( 'NONE', #1138, 0.01000000000000000541 ) ;
#2377 = ORIENTED_EDGE ( 'NONE', *, *, #1486, .F. ) ;
#2378 = CARTESIAN_POINT ( 'NONE',  ( -0.1000000000000000056, 0.0000000000000000000, 0.07000000000000000666 ) ) ;
#2379 = ORIENTED_EDGE ( 'NONE', *, *, #198, .T. ) ;
#2380 = CARTESIAN_POINT ( 'NONE',  ( -0.09999999999999997780, -0.0001000000000000000183, -0.07000000000000000666 ) ) ;
#2381 = DIRECTION ( 'NONE',  ( 0.0000000000000000000, 0.0000000000000000000, 1.000000000000000000 ) ) ;
#2382 = ORIENTED_EDGE ( 'NONE', *, *, #2253, .T. ) ;
#2383 = DIRECTION ( 'NONE',  ( 0.0000000000000000000, 0.0000000000000000000, -1.000000000000000000 ) ) ;
#2384 = CARTESIAN_POINT ( 'NONE',  ( 0.08499999798834320663, 0.05999999999999999778, -0.06999999843537810240 ) ) ;
#2385 = EDGE_LOOP ( 'NONE', ( #1609, #1591, #1203, #1127 ) ) ;
#2386 = PRESENTATION_LAYER_ASSIGNMENT (  '', '', ( #1735 ) ) ;
#2387 = ORIENTED_EDGE ( 'NONE', *, *, #1571, .T. ) ;
#2388 = SHAPE_DEFINITION_REPRESENTATION ( #1706, #2218 ) ;
#2389 = CARTESIAN_POINT ( 'NONE',  ( 0.08999999798834319720, 0.06500000000000000222, -0.06999999843537810240 ) ) ;
#2390 = ORIENTED_EDGE ( 'NONE', *, *, #638, .T. ) ;
#2391 = DIRECTION ( 'NONE',  ( 0.0000000000000000000, 0.0000000000000000000, -1.000000000000000000 ) ) ;
#2392 = DIRECTION ( 'NONE',  ( 0.0000000000000000000, 1.000000000000000000, 0.0000000000000000000 ) ) ;
#2393 =( NAMED_UNIT ( * ) SI_UNIT ( $, .STERADIAN. ) SOLID_ANGLE_UNIT ( ) );
#2394 = CARTESIAN_POINT ( 'NONE',  ( 0.08499999798834320663, 0.07000000000000000666, 0.05999999843537810046 ) ) ;
#2395 =( GEOMETRIC_REPRESENTATION_CONTEXT ( 3 ) GLOBAL_UNCERTAINTY_ASSIGNED_CONTEXT ( ( #85 ) ) GLOBAL_UNIT_ASSIGNED_CONTEXT ( ( #2466, #669, #1082 ) ) REPRESENTATION_CONTEXT ( 'NONE', 'WORKASPACE' ) );
#2396 = ADVANCED_FACE ( 'NONE', ( #202 ), #632, .F. ) ;
#2397 = CARTESIAN_POINT ( 'NONE',  ( 0.08999999999999999667, -0.0001000000000000000183, 0.08000000000000000167 ) ) ;
#2398 = CARTESIAN_POINT ( 'NONE',  ( -0.05999999865889549949, -0.0001000000000000000183, 0.01999999955296519888 ) ) ;
#2399 = ADVANCED_FACE ( 'NONE', ( #2408 ), #2262, .F. ) ;
#2400 = CIRCLE ( 'NONE', #1294, 0.01000000000000000541 ) ;
#2401 = VECTOR ( 'NONE', #1836, 100.0000000000000000 ) ;
#2402 = DIRECTION ( 'NONE',  ( 1.000000000000000000, 0.0000000000000000000, 0.0000000000000000000 ) ) ;
#2403 = COLOUR_RGB ( '',0.9529411764705881804, 0.8980392156862745390, 0.6549019607843137303 ) ;
#2404 = ORIENTED_EDGE ( 'NONE', *, *, #3, .T. ) ;
#2405 = PRESENTATION_LAYER_ASSIGNMENT (  '', '', ( #973 ) ) ;
#2406 = STYLED_ITEM ( 'NONE', ( #2520 ), #1883 ) ;
#2407 = VERTEX_POINT ( 'NONE', #1277 ) ;
#2408 = FACE_OUTER_BOUND ( 'NONE', #479, .T. ) ;
#2409 = DIRECTION ( 'NONE',  ( 0.0000000000000000000, 0.0000000000000000000, -1.000000000000000000 ) ) ;
#2410 = LINE ( 'NONE', #2233, #1875 ) ;
#2411 = STYLED_ITEM ( 'NONE', ( #486 ), #2470 ) ;
#2412 = VERTEX_POINT ( 'NONE', #1868 ) ;
#2413 = DIRECTION ( 'NONE',  ( 1.000000000000000000, 0.0000000000000000000, -0.0000000000000000000 ) ) ;
#2414 = CARTESIAN_POINT ( 'NONE',  ( -0.08999999798834321107, 0.05999999999999999778, -0.06499999843537809796 ) ) ;
#2415 = ADVANCED_FACE ( 'NONE', ( #1037 ), #1845, .F. ) ;
#2416 = EDGE_CURVE ( 'NONE', #2283, #1647, #189, .T. ) ;
#2417 = ORIENTED_EDGE ( 'NONE', *, *, #1211, .F. ) ;
#2418 = CARTESIAN_POINT ( 'NONE',  ( -0.1000000000000000056, 0.0000000000000000000, 0.07000000000000000666 ) ) ;
#2419 = ORIENTED_EDGE ( 'NONE', *, *, #461, .T. ) ;
#2420 = CARTESIAN_POINT ( 'NONE',  ( -0.06499999854713679748, 0.06750000000000000444, 0.05124999899417158333 ) ) ;
#2421 = DIRECTION ( 'NONE',  ( -0.0000000000000000000, 0.0000000000000000000, -1.000000000000000000 ) ) ;
#2422 = LINE ( 'NONE', #624, #2572 ) ;
#2423 = FILL_AREA_STYLE_COLOUR ( '', #1620 ) ;
#2424 = FILL_AREA_STYLE_COLOUR ( '', #1549 ) ;
#2425 = DIRECTION ( 'NONE',  ( 0.0000000000000000000, 1.000000000000000000, 0.0000000000000000000 ) ) ;
#2426 = EDGE_CURVE ( 'NONE', #1508, #2476, #2478, .T. ) ;
#2427 = ORIENTED_EDGE ( 'NONE', *, *, #111, .T. ) ;
#2428 = LINE ( 'NONE', #334, #1306 ) ;
#2429 = ORIENTED_EDGE ( 'NONE', *, *, #626, .F. ) ;
#2430 = DIRECTION ( 'NONE',  ( 0.0000000000000000000, 0.0000000000000000000, 1.000000000000000000 ) ) ;
#2431 = DIRECTION ( 'NONE',  ( -1.000000000000000000, 0.0000000000000000000, 0.0000000000000000000 ) ) ;
#2432 = DIRECTION ( 'NONE',  ( 0.0000000000000000000, 0.0000000000000000000, 1.000000000000000000 ) ) ;
#2433 = EDGE_LOOP ( 'NONE', ( #674, #1279, #1628, #83, #1123 ) ) ;
#2434 = CARTESIAN_POINT ( 'NONE',  ( 0.1000000000000000056, 0.0000000000000000000, -0.08000000000000000167 ) ) ;
#2435 = AXIS2_PLACEMENT_3D ( 'NONE', #2251, #516, #1930 ) ;
#2436 = AXIS2_PLACEMENT_3D ( 'NONE', #1869, #1897, #1107 ) ;
#2437 = DIRECTION ( 'NONE',  ( 1.000000000000000000, 0.0000000000000000000, 0.0000000000000000000 ) ) ;
#2438 = ORIENTED_EDGE ( 'NONE', *, *, #588, .F. ) ;
#2439 = FILL_AREA_STYLE ('',( #640 ) ) ;
#2440 = VECTOR ( 'NONE', #1901, 100.0000000000000000 ) ;
#2441 = VECTOR ( 'NONE', #1342, 100.0000000000000000 ) ;
#2442 = ADVANCED_FACE ( 'NONE', ( #524 ), #1106, .F. ) ;
#2443 = AXIS2_PLACEMENT_3D ( 'NONE', #1795, #1442, #1599 ) ;
#2444 = VERTEX_POINT ( 'NONE', #1143 ) ;
#2445 = CARTESIAN_POINT ( 'NONE',  ( 0.1000000000000000056, 0.02999999999999999889, -0.08000000000000000167 ) ) ;
#2446 = LINE ( 'NONE', #1886, #218 ) ;
#2447 = PRESENTATION_LAYER_ASSIGNMENT (  '', '', ( #876 ) ) ;
#2448 = EDGE_CURVE ( 'NONE', #1508, #2508, #96, .T. ) ;
#2449 = AXIS2_PLACEMENT_3D ( 'NONE', #644, #1665, #12 ) ;
#2450 = DIRECTION ( 'NONE',  ( 1.000000000000000000, -0.0000000000000000000, 0.0000000000000000000 ) ) ;
#2451 = VERTEX_POINT ( 'NONE', #1679 ) ;
#2452 = CARTESIAN_POINT ( 'NONE',  ( -0.07999999798834320219, 0.06500000000000000222, 0.06499999843537811184 ) ) ;
#2453 = ORIENTED_EDGE ( 'NONE', *, *, #865, .T. ) ;
#2454 = CARTESIAN_POINT ( 'NONE',  ( -0.06499999854713679748, 0.06750000000000000444, 0.04499999899417159860 ) ) ;
#2455 = ORIENTED_EDGE ( 'NONE', *, *, #626, .T. ) ;
#2456 = ADVANCED_FACE ( 'NONE', ( #1308 ), #1326, .T. ) ;
#2457 = LINE ( 'NONE', #2268, #305 ) ;
#2458 =( NAMED_UNIT ( * ) SI_UNIT ( $, .STERADIAN. ) SOLID_ANGLE_UNIT ( ) );
#2459 = VERTEX_POINT ( 'NONE', #895 ) ;
#2460 = CARTESIAN_POINT ( 'NONE',  ( -0.08499999798834320663, 0.06500000000000000222, 0.05999999843537810046 ) ) ;
#2461 = ORIENTED_EDGE ( 'NONE', *, *, #3, .F. ) ;
#2462 = LINE ( 'NONE', #1492, #1189 ) ;
#2463 = CARTESIAN_POINT ( 'NONE',  ( 0.05999999865889549949, 0.0000000000000000000, -0.01999999955296519888 ) ) ;
#2464 = DIRECTION ( 'NONE',  ( 0.0000000000000000000, 0.0000000000000000000, 1.000000000000000000 ) ) ;
#2465 = ORIENTED_EDGE ( 'NONE', *, *, #1888, .F. ) ;
#2466 =( LENGTH_UNIT ( ) NAMED_UNIT ( * ) SI_UNIT ( .CENTI., .METRE. ) );
#2467 = DIRECTION ( 'NONE',  ( 0.0000000000000000000, -0.0000000000000000000, -1.000000000000000000 ) ) ;
#2468 = CARTESIAN_POINT ( 'NONE',  ( 0.07999999798834320219, 0.06500000000000000222, 0.05999999843537810046 ) ) ;
#2469 = EDGE_CURVE ( 'NONE', #768, #2165, #2462, .T. ) ;
#2470 = ADVANCED_FACE ( 'NONE', ( #2316 ), #472, .F. ) ;
#2471 = VECTOR ( 'NONE', #1458, 100.0000000000000000 ) ;
#2472 = ORIENTED_EDGE ( 'NONE', *, *, #2065, .F. ) ;
#2473 = LINE ( 'NONE', #81, #2041 ) ;
#2474 = AXIS2_PLACEMENT_3D ( 'NONE', #2454, #2076, #38 ) ;
#2475 = CIRCLE ( 'NONE', #570, 0.01000000000000000541 ) ;
#2476 = VERTEX_POINT ( 'NONE', #378 ) ;
#2477 = VECTOR ( 'NONE', #2159, 100.0000000000000000 ) ;
#2478 = LINE ( 'NONE', #2274, #1466 ) ;
#2479 = PRESENTATION_STYLE_ASSIGNMENT (( #1510 ) ) ;
#2480 = CIRCLE ( 'NONE', #1300, 0.005000000000000002706 ) ;
#2481 = AXIS2_PLACEMENT_3D ( 'NONE', #954, #1318, #1366 ) ;
#2482 = DIRECTION ( 'NONE',  ( 0.0000000000000000000, 0.0000000000000000000, -1.000000000000000000 ) ) ;
#2483 = CIRCLE ( 'NONE', #2083, 0.01000000000000000541 ) ;
#2484 = PRESENTATION_STYLE_ASSIGNMENT (( #912 ) ) ;
#2485 = CARTESIAN_POINT ( 'NONE',  ( -0.08999999999999999667, 0.0000000000000000000, -0.08000000000000000167 ) ) ;
#2486 = MECHANICAL_DESIGN_GEOMETRIC_PRESENTATION_REPRESENTATION (  '', ( #1756 ), #1592 ) ;
#2487 = CARTESIAN_POINT ( 'NONE',  ( -0.08999999798834319720, 0.05999999999999999778, -0.06999999843537810240 ) ) ;
#2488 = EDGE_CURVE ( 'NONE', #1409, #1316, #160, .T. ) ;
#2489 = DIRECTION ( 'NONE',  ( -1.000000000000000000, 0.0000000000000000000, -0.0000000000000000000 ) ) ;
#2490 = VECTOR ( 'NONE', #1853, 100.0000000000000000 ) ;
#2491 = ORIENTED_EDGE ( 'NONE', *, *, #112, .T. ) ;
#2492 = LINE ( 'NONE', #291, #533 ) ;
#2493 = EDGE_LOOP ( 'NONE', ( #2090, #575, #996, #2214 ) ) ;
#2494 = DIRECTION ( 'NONE',  ( 0.0000000000000000000, 0.0000000000000000000, 1.000000000000000000 ) ) ;
#2495 =( NAMED_UNIT ( * ) SI_UNIT ( $, .STERADIAN. ) SOLID_ANGLE_UNIT ( ) );
#2496 = CARTESIAN_POINT ( 'NONE',  ( -0.08999999999999999667, 0.0000000000000000000, -0.08000000000000000167 ) ) ;
#2497 = FILL_AREA_STYLE_COLOUR ( '', #2290 ) ;
#2498 = LINE ( 'NONE', #122, #2082 ) ;
#2499 = PRESENTATION_STYLE_ASSIGNMENT (( #729 ) ) ;
#2500 = VERTEX_POINT ( 'NONE', #1972 ) ;
#2501 = CARTESIAN_POINT ( 'NONE',  ( -0.04749999854713679581, 0.07000000000000000666, 0.05374999899417159943 ) ) ;
#2502 = DIRECTION ( 'NONE',  ( 0.0000000000000000000, 1.000000000000000000, 0.0000000000000000000 ) ) ;
#2503 = EDGE_CURVE ( 'NONE', #276, #1169, #967, .T. ) ;
#2504 = ORIENTED_EDGE ( 'NONE', *, *, #474, .T. ) ;
#2505 = DIRECTION ( 'NONE',  ( 0.0000000000000000000, -1.000000000000000000, 0.0000000000000000000 ) ) ;
#2506 = FILL_AREA_STYLE ('',( #2344 ) ) ;
#2507 = UNCERTAINTY_MEASURE_WITH_UNIT (LENGTH_MEASURE( 1.000000000000000082E-05 ), #1432, 'distance_accuracy_value', 'NONE');
#2508 = VERTEX_POINT ( 'NONE', #1388 ) ;
#2509 = PRESENTATION_STYLE_ASSIGNMENT (( #1129 ) ) ;
#2510 = CARTESIAN_POINT ( 'NONE',  ( -0.1000000000000000056, 0.05999999999999999778, -0.07000000000000000666 ) ) ;
#2511 = CARTESIAN_POINT ( 'NONE',  ( -0.06499999854713681136, 0.07000000000000000666, 0.03624999899417160470 ) ) ;
#2512 = VERTEX_POINT ( 'NONE', #1776 ) ;
#2513 =( LENGTH_UNIT ( ) NAMED_UNIT ( * ) SI_UNIT ( .CENTI., .METRE. ) );
#2514 = DIRECTION ( 'NONE',  ( -1.000000000000000000, -0.0000000000000000000, -0.0000000000000000000 ) ) ;
#2515 = EDGE_CURVE ( 'NONE', #785, #1688, #1351, .T. ) ;
#2516 = ORIENTED_EDGE ( 'NONE', *, *, #2426, .T. ) ;
#2517 = CARTESIAN_POINT ( 'NONE',  ( -0.06499999854713681136, 0.06948223304703363135, 0.05249999899417161220 ) ) ;
#2518 = COLOUR_RGB ( '',0.9529411764705881804, 0.8980392156862745390, 0.6549019607843137303 ) ;
#2519 = EDGE_CURVE ( 'NONE', #241, #1594, #1923, .T. ) ;
#2520 = PRESENTATION_STYLE_ASSIGNMENT (( #526 ) ) ;
#2521 = CIRCLE ( 'NONE', #1782, 0.007500000000000008396 ) ;
#2522 = ORIENTED_EDGE ( 'NONE', *, *, #1683, .T. ) ;
#2523 = LINE ( 'NONE', #1184, #910 ) ;
#2524 = FILL_AREA_STYLE ('',( #154 ) ) ;
#2525 = VECTOR ( 'NONE', #1162, 100.0000000000000000 ) ;
#2526 = PLANE ( 'NONE',  #1181 ) ;
#2527 = VECTOR ( 'NONE', #1693, 100.0000000000000000 ) ;
#2528 = AXIS2_PLACEMENT_3D ( 'NONE', #2557, #755, #1555 ) ;
#2529 = VECTOR ( 'NONE', #2402, 100.0000000000000000 ) ;
#2530 = CARTESIAN_POINT ( 'NONE',  ( -0.06499999854713681136, 0.06750000000000000444, 0.03874999899417160693 ) ) ;
#2531 = CARTESIAN_POINT ( 'NONE',  ( -0.06499999854713681136, 0.07000000000000000666, 0.05301776594713796670 ) ) ;
#2532 = DIRECTION ( 'NONE',  ( -1.000000000000000000, 0.0000000000000000000, -3.469446926104220047E-16 ) ) ;
#2533 = MECHANICAL_DESIGN_GEOMETRIC_PRESENTATION_REPRESENTATION (  '', ( #920 ), #616 ) ;
#2534 = AXIS2_PLACEMENT_3D ( 'NONE', #1148, #1932, #2547 ) ;
#2535 = ORIENTED_EDGE ( 'NONE', *, *, #1373, .T. ) ;
#2536 = CARTESIAN_POINT ( 'NONE',  ( 0.05999999865889549949, 0.0000000000000000000, -0.08000000000000000167 ) ) ;
#2537 = DIRECTION ( 'NONE',  ( 0.0000000000000000000, 0.0000000000000000000, -1.000000000000000000 ) ) ;
#2538 = ORIENTED_EDGE ( 'NONE', *, *, #2023, .F. ) ;
#2539 = LINE ( 'NONE', #1963, #230 ) ;
#2540 = FACE_OUTER_BOUND ( 'NONE', #1237, .T. ) ;
#2541 = UNCERTAINTY_MEASURE_WITH_UNIT (LENGTH_MEASURE( 1.000000000000000082E-05 ), #499, 'distance_accuracy_value', 'NONE');
#2542 = ADVANCED_FACE ( 'NONE', ( #582 ), #786, .F. ) ;
#2543 = EDGE_LOOP ( 'NONE', ( #1929, #1288, #1440, #1970, #207, #566, #326, #1359 ) ) ;
#2544 = SURFACE_SIDE_STYLE ('',( #738 ) ) ;
#2545 = CARTESIAN_POINT ( 'NONE',  ( 0.1000000000000000056, 0.0000000000000000000, 0.07000000000000000666 ) ) ;
#2546 = ADVANCED_FACE ( 'NONE', ( #1946 ), #130, .T. ) ;
#2547 = DIRECTION ( 'NONE',  ( 1.000000000000000000, 0.0000000000000000000, -2.602085126723509849E-16 ) ) ;
#2548 = ORIENTED_EDGE ( 'NONE', *, *, #2348, .T. ) ;
#2549 = DIRECTION ( 'NONE',  ( 0.0000000000000000000, -0.0000000000000000000, 1.000000000000000000 ) ) ;
#2550 =( NAMED_UNIT ( * ) PLANE_ANGLE_UNIT ( ) SI_UNIT ( $, .RADIAN. ) );
#2551 = EDGE_LOOP ( 'NONE', ( #1077, #2472, #687, #1606 ) ) ;
#2552 = DIRECTION ( 'NONE',  ( 0.0000000000000000000, 1.000000000000000000, 0.0000000000000000000 ) ) ;
#2553 = CARTESIAN_POINT ( 'NONE',  ( 0.08999999798834319720, 0.06500000000000000222, -0.06499999843537809796 ) ) ;
#2554 = ORIENTED_EDGE ( 'NONE', *, *, #1197, .T. ) ;
#2555 =( NAMED_UNIT ( * ) PLANE_ANGLE_UNIT ( ) SI_UNIT ( $, .RADIAN. ) );
#2556 = DIRECTION ( 'NONE',  ( -0.0000000000000000000, 1.000000000000000000, 0.0000000000000000000 ) ) ;
#2557 = CARTESIAN_POINT ( 'NONE',  ( 0.0000000000000000000, 0.05999999999999999778, 0.0000000000000000000 ) ) ;
#2558 = EDGE_CURVE ( 'NONE', #2190, #984, #2539, .T. ) ;
#2559 = CARTESIAN_POINT ( 'NONE',  ( -0.06499999854713679748, 0.07000000000000000666, 0.05374999899417159249 ) ) ;
#2560 = FACE_OUTER_BOUND ( 'NONE', #648, .T. ) ;
#2561 = EDGE_CURVE ( 'NONE', #2508, #1789, #985, .T. ) ;
#2562 = ORIENTED_EDGE ( 'NONE', *, *, #1002, .F. ) ;
#2563 = SURFACE_STYLE_USAGE ( .BOTH. , #539 ) ;
#2564 = EDGE_CURVE ( 'NONE', #1516, #1804, #1573, .T. ) ;
#2565 = ORIENTED_EDGE ( 'NONE', *, *, #2266, .F. ) ;
#2566 = CARTESIAN_POINT ( 'NONE',  ( -0.06499999854713679748, 0.06875000000000000555, 0.05249999899417161220 ) ) ;
#2567 = DIRECTION ( 'NONE',  ( -2.312964617402810242E-16, 0.0000000000000000000, 1.000000000000000000 ) ) ;
#2568 = UNCERTAINTY_MEASURE_WITH_UNIT (LENGTH_MEASURE( 1.000000000000000082E-05 ), #2368, 'distance_accuracy_value', 'NONE');
#2569 = ORIENTED_EDGE ( 'NONE', *, *, #1888, .T. ) ;
#2570 = CARTESIAN_POINT ( 'NONE',  ( -0.1000000000000000056, 0.0000000000000000000, 0.08000000000000000167 ) ) ;
#2571 = DIRECTION ( 'NONE',  ( -0.0000000000000000000, -1.000000000000000000, -0.0000000000000000000 ) ) ;
#2572 = VECTOR ( 'NONE', #1593, 100.0000000000000000 ) ;
#2573 =( GEOMETRIC_REPRESENTATION_CONTEXT ( 3 ) GLOBAL_UNCERTAINTY_ASSIGNED_CONTEXT ( ( #282 ) ) GLOBAL_UNIT_ASSIGNED_CONTEXT ( ( #2252, #454, #252 ) ) REPRESENTATION_CONTEXT ( 'NONE', 'WORKASPACE' ) );
#2574 = PLANE ( 'NONE',  #1254 ) ;
#2575 = VECTOR ( 'NONE', #907, 100.0000000000000000 ) ;
#2576 = ORIENTED_EDGE ( 'NONE', *, *, #588, .T. ) ;
#2577 = CIRCLE ( 'NONE', #1792, 0.005000000000000002706 ) ;
#2578 = DIRECTION ( 'NONE',  ( -1.000000000000000000, 0.0000000000000000000, -0.0000000000000000000 ) ) ;
#2579 = AXIS2_PLACEMENT_3D ( 'NONE', #2280, #730, #495 ) ;
#2580 = CARTESIAN_POINT ( 'NONE',  ( -0.08999999999999999667, 0.02999999999999999889, 0.08000000000000000167 ) ) ;
#2581 = ORIENTED_EDGE ( 'NONE', *, *, #668, .F. ) ;
#2582 = AXIS2_PLACEMENT_3D ( 'NONE', #1364, #336, #567 ) ;
#2583 = CARTESIAN_POINT ( 'NONE',  ( 0.1000000000000000056, 0.05999999999999999778, 0.07000000000000000666 ) ) ;
#2584 = VERTEX_POINT ( 'NONE', #1842 ) ;
#2585 = LINE ( 'NONE', #1819, #1904 ) ;
#2586 = CARTESIAN_POINT ( 'NONE',  ( 0.08499999798834320663, 0.05999999999999999778, 0.06499999843537809796 ) ) ;
#2587 = ORIENTED_EDGE ( 'NONE', *, *, #1360, .T. ) ;
#2588 = FACE_OUTER_BOUND ( 'NONE', #1743, .T. ) ;
#2589 = FACE_OUTER_BOUND ( 'NONE', #959, .T. ) ;
#2590 = FACE_OUTER_BOUND ( 'NONE', #553, .T. ) ;
#2591 = VERTEX_POINT ( 'NONE', #864 ) ;
#2592 = CARTESIAN_POINT ( 'NONE',  ( 0.0000000000000000000, 0.0000000000000000000, 0.0000000000000000000 ) ) ;
#2593 = EDGE_CURVE ( 'NONE', #1825, #346, #1062, .T. ) ;
#2594 = VERTEX_POINT ( 'NONE', #1024 ) ;
#2595 =( NAMED_UNIT ( * ) PLANE_ANGLE_UNIT ( ) SI_UNIT ( $, .RADIAN. ) );
#2596 = CARTESIAN_POINT ( 'NONE',  ( 0.08999999999999999667, -0.0001000000000000000183, 0.08000000000000000167 ) ) ;
#2597 = ORIENTED_EDGE ( 'NONE', *, *, #2063, .F. ) ;
#2598 = CARTESIAN_POINT ( 'NONE',  ( 0.1000000000000000056, -0.0001000000000000000183, -0.08000000000000000167 ) ) ;
#2599 = CARTESIAN_POINT ( 'NONE',  ( -0.07999999798834320219, 0.06500000000000000222, -0.05999999843537810046 ) ) ;
#2600 = SURFACE_STYLE_FILL_AREA ( #196 ) ;
#2601 = CLOSED_SHELL ( 'NONE', ( #771, #1269, #1990, #2369, #752, #596, #18 ) ) ;
#2602 = DIRECTION ( 'NONE',  ( 1.000000000000000000, 0.0000000000000000000, -0.0000000000000000000 ) ) ;
#2603 = EDGE_LOOP ( 'NONE', ( #2504, #905, #987, #2153 ) ) ;
#2604 = CARTESIAN_POINT ( 'NONE',  ( 0.1000000000000000056, 0.0000000000000000000, -0.07000000000000000666 ) ) ;
ENDSEC;
END-ISO-10303-21;
